packet_id,entity,exposure_basis_usd,remaining_gap,source_form,named_agreement,accession,action,source_uri
adjudication:a6506e15c7f034a3,Broadcom Inc.,30400000000.0,determine collateral scope,8-K_body,credit agreement,000119312525158202,FETCH_EXHIBIT_FROM_ACCESSION,https://www.sec.gov/Archives/edgar/data/1730168/000119312525158202/d89787d8k.htm
adjudication:d3e8fa103bb42e7c,SPACE EXPLORATION TECHNOLOGIES CORP,20000000000.0,determine collateral scope,EX-10_exhibit,CREDIT AGREEMENT,000162828026036936,RE_EXTRACT_DEPTH,https://www.sec.gov/Archives/edgar/data/1181412/000162828026036936/exhibit109-sx1.htm
adjudication:5b09192255b8dfdd,GEORGIA POWER CO,18400000000.0,determine collateral scope,other,Indenture,000004109125000002,FETCH_EXHIBIT_FROM_ACCESSION,https://www.sec.gov/Archives/edgar/data/41091/000004109125000002/gpcforms-32025.htm
adjudication:086f3461253ec2e6,"MiniMed Group, Inc.",18000000000.0,determine recourse and guarantee scope,other,credit agreement,000162828026012865,FETCH_EXHIBIT_FROM_ACCESSION,https://www.sec.gov/Archives/edgar/data/2062583/000162828026012865/minimedgroupincs-1a3.htm
adjudication:6946c2ccd87a8a7e,"MiniMed Group, Inc.",18000000000.0,determine recourse and guarantee scope,other,credit agreement,000162828025058231,FETCH_EXHIBIT_FROM_ACCESSION,https://www.sec.gov/Archives/edgar/data/2062583/000162828025058231/minimedgroupincs-1.htm
adjudication:304cecc858c6a11c,"MiniMed Group, Inc.",18000000000.0,determine recourse and guarantee scope,other,credit agreement,000162828026003281,FETCH_EXHIBIT_FROM_ACCESSION,https://www.sec.gov/Archives/edgar/data/2062583/000162828026003281/minimedgroupincs-1a1.htm
adjudication:668a87fd5f7c5c07,"MiniMed Group, Inc.",18000000000.0,determine recourse and guarantee scope,other,credit agreement,000162828026010862,FETCH_EXHIBIT_FROM_ACCESSION,https://www.sec.gov/Archives/edgar/data/2062583/000162828026010862/minimedgroupincs-1a2.htm
adjudication:8bab928968ffb170,AT&T INC.,17500000000.0,determine collateral scope,EX-10_exhibit,Credit Agreement,000119312525262515,RE_EXTRACT_DEPTH,https://www.sec.gov/Archives/edgar/data/732717/000119312525262515/d935272dex102.htm
adjudication:9524997e2b3e6f06,General Motors Co,17000000000.0,determine collateral scope,EX-10_exhibit,CREDIT AGREEMENT,000119312523086956,RE_EXTRACT_DEPTH,https://www.sec.gov/Archives/edgar/data/1467858/000119312523086956/d826843dex102.htm
adjudication:2ef4bf630fb5911a,"Venture Global, Inc.",16461000000.0,determine collateral scope,EX-10_exhibit,Credit Agreement,000200785526000040,RE_EXTRACT_DEPTH,https://www.sec.gov/Archives/edgar/data/2007855/000200785526000040/exhibit107-q12026.htm
adjudication:dae94434b96b51a8,Amcor plc,13800000000.0,determine collateral scope,other,indenture,000110465925068078,FETCH_EXHIBIT_FROM_ACCESSION,https://www.sec.gov/Archives/edgar/data/1748790/000110465925068078/tm2520688-1_s4.htm
adjudication:410e694ac9870bf6,Amcor plc,13800000000.0,determine collateral scope,424B_prospectus,indenture,000110465925070395,FETCH_EXHIBIT_FROM_ACCESSION,https://www.sec.gov/Archives/edgar/data/1748790/000110465925070395/tm2520688-4_424b3.htm
adjudication:f53bed2411b47dd1,COMCAST CORP,11800000000.0,determine collateral scope,8-K_body,credit agreement,000095010324006839,FETCH_EXHIBIT_FROM_ACCESSION,https://www.sec.gov/Archives/edgar/data/1166691/000095010324006839/dp211362_8k.htm
adjudication:0261a1f1ff691244,ORACLE CORP,10000000000.0,determine collateral scope,EX-10_exhibit,Credit Agreement,000119312526101045,RE_EXTRACT_DEPTH,https://www.sec.gov/Archives/edgar/data/1341439/000119312526101045/orcl-ex10_17.htm
adjudication:9089d68d0c11a5ec,Duke Energy CORP,10000000000.0,determine collateral scope,8-K_body,Credit Agreement,000110465925024497,FETCH_EXHIBIT_FROM_ACCESSION,https://www.sec.gov/Archives/edgar/data/1326160/000110465925024497/tm259175d1_8k.htm
adjudication:3e219ea545cfb0c4,LINCOLN NATIONAL CORP,9932000000.0,determine collateral scope,8-K_body,credit agreement,000119312526134604,FETCH_EXHIBIT_FROM_ACCESSION,https://www.sec.gov/Archives/edgar/data/59558/000119312526134604/d122920d8k.htm
adjudication:9330c15da870835e,MGM Resorts International,9750000000.0,determine collateral scope,424B_prospectus,Credit Agreement,000119312524213635,FETCH_EXHIBIT_FROM_ACCESSION,https://www.sec.gov/Archives/edgar/data/789570/000119312524213635/d810317d424b2.htm
adjudication:605b6f63ff25bff0,Hilton Worldwide Holdings Inc.,8850000000.0,determine recourse and guarantee scope,EX-10_exhibit,Credit Agreement,000119312526113998,RE_EXTRACT_DEPTH,https://www.sec.gov/Archives/edgar/data/1585689/000119312526113998/d40086dex101.htm
adjudication:db3f9f4ad482c3e5,Eaton Corp plc,8000000000.0,determine collateral scope,8-K_body,Credit Agreement,000114036126004227,FETCH_EXHIBIT_FROM_ACCESSION,https://www.sec.gov/Archives/edgar/data/1551182/000114036126004227/ef20064951_8k.htm
adjudication:20f3573918709b48,XCEL ENERGY INC,7600000000.0,determine collateral scope,other,indenture,000119312524100820,FETCH_EXHIBIT_FROM_ACCESSION,https://www.sec.gov/Archives/edgar/data/72903/000119312524100820/d788681ds3asr.htm
adjudication:62ea1ff6e51383ae,AT&T INC.,7500000000.0,determine collateral scope,EX-10_exhibit,Credit Agreement,000073271725000013,RE_EXTRACT_DEPTH,https://www.sec.gov/Archives/edgar/data/732717/000073271725000013/ex-10xiiye2024.htm
adjudication:bf744983240131b8,CENTERPOINT ENERGY INC,7500000000.0,determine collateral scope,424B_prospectus,indenture,000110465926062746,FETCH_EXHIBIT_FROM_ACCESSION,https://www.sec.gov/Archives/edgar/data/1130310/000110465926062746/tm2614151-4_424b5.htm
adjudication:4d3a3b60a04e57d1,ABBOTT LABORATORIES,7000000000.0,determine collateral scope,EX-10_exhibit,CREDIT AGREEMENT,000162828024005348,RE_EXTRACT_DEPTH,https://www.sec.gov/Archives/edgar/data/1800/000162828024005348/exhibit1065_2024revolvingc.htm
adjudication:5c8acc5f44e251d1,"DOMINION ENERGY, INC",7000000000.0,determine collateral scope,8-K_body,Credit Agreement,000119312525076871,FETCH_EXHIBIT_FROM_ACCESSION,https://www.sec.gov/Archives/edgar/data/715957/000119312525076871/d933759d8k.htm
adjudication:f73f42d953af68d5,Cigna Group,6500000000.0,determine collateral scope,8-K_body,Credit Agreement,000114036125016027,FETCH_EXHIBIT_FROM_ACCESSION,https://www.sec.gov/Archives/edgar/data/1739940/000114036125016027/ef20048062_8k.htm
adjudication:9e02c0083bc87e73,"Venture Global, Inc.",6000000000.0,determine collateral scope,EX-10_exhibit,INDENTURE,000200785526000013,RE_EXTRACT_DEPTH,https://www.sec.gov/Archives/edgar/data/2007855/000200785526000013/exhibit1094-10k2025.htm
adjudication:cfc2f8ec2cd825a4,HONEYWELL INTERNATIONAL INC,6000000000.0,determine collateral scope,8-K_body,Credit Agreement,000119312526095179,FETCH_EXHIBIT_FROM_ACCESSION,https://www.sec.gov/Archives/edgar/data/773840/000119312526095179/d71810d8k.htm
adjudication:a8ec03ecd13d02ee,"Salesforce, Inc.",6000000000.0,determine collateral scope,8-K_body,Credit Agreement,000119312526104282,FETCH_EXHIBIT_FROM_ACCESSION,https://www.sec.gov/Archives/edgar/data/1108524/000119312526104282/d887348d8k.htm
adjudication:19c315397ac15ebe,Sunoco LP,5756000000.0,determine collateral scope,EX-10_exhibit,CREDIT AGREEMENT,000119312525122657,RE_EXTRACT_DEPTH,https://www.sec.gov/Archives/edgar/data/1552275/000119312525122657/d893372dex101.htm
adjudication:8060adc5b74381f0,PEPSICO INC,5750000000.0,determine collateral scope,other,CREDIT AGREEMENT,000110465924065151,FETCH_EXHIBIT_FROM_ACCESSION,https://www.sec.gov/Archives/edgar/data/77476/000110465924065151/tm2415384d1_ex99-2.htm
adjudication:449102b279c56c6f,PEPSICO INC,5750000000.0,determine collateral scope,other,CREDIT AGREEMENT,000110465926065758,FETCH_EXHIBIT_FROM_ACCESSION,https://www.sec.gov/Archives/edgar/data/77476/000110465926065758/tm2615167d1_ex99-2.htm
adjudication:26c3d83e7e8de7c2,PEPSICO INC,5750000000.0,determine collateral scope,other,Credit Agreement,000110465925052457,FETCH_EXHIBIT_FROM_ACCESSION,https://www.sec.gov/Archives/edgar/data/77476/000110465925052457/tm2515785d1_ex99-2.htm
adjudication:35164bbfe55feb83,COLUMBUS MCKINNON CORP,5275000000.0,determine recourse and guarantee scope,other,credit agreement,000119312526091489,FETCH_EXHIBIT_FROM_ACCESSION,https://www.sec.gov/Archives/edgar/data/1005229/000119312526091489/d121525dex993.htm
adjudication:56b42d78a830d9c0,COLUMBUS MCKINNON CORP,5275000000.0,determine recourse and guarantee scope,other,credit agreement,000119312526091466,FETCH_EXHIBIT_FROM_ACCESSION,https://www.sec.gov/Archives/edgar/data/1005229/000119312526091466/d119445dex991.htm
adjudication:7137e7e7e8a0e250,AT&T INC.,5250000000.0,determine collateral scope,EX-10_exhibit,Credit Agreement,000073271725000013,RE_EXTRACT_DEPTH,https://www.sec.gov/Archives/edgar/data/732717/000073271725000013/ex-10xhhye2024.htm
adjudication:d70dbb23bc7ede5a,"Lumen Technologies, Inc.",5000000000.0,determine collateral scope,EX-10_exhibit,Credit Agreement,000119312524080820,RE_EXTRACT_DEPTH,https://www.sec.gov/Archives/edgar/data/18926/000119312524080820/d784318dex101.htm
adjudication:bc9ec17ae554afac,DOW INC.,5000000000.0,determine collateral scope,424B_prospectus,Indenture,000119312525194571,FETCH_EXHIBIT_FROM_ACCESSION,https://www.sec.gov/Archives/edgar/data/1751788/000119312525194571/d11892d424b2.htm
adjudication:e38f4e1ca0d821e6,HUMANA INC,5000000000.0,determine collateral scope,EX-10_exhibit,Credit Agreement,000004907125000042,RE_EXTRACT_DEPTH,https://www.sec.gov/Archives/edgar/data/49071/000004907125000042/exhibit101-2025revolving5x.htm
adjudication:656698df44cbf7ac,PEPSICO INC,4950000000.0,determine collateral scope,other,CREDIT AGREEMENT,000110465923066134,FETCH_EXHIBIT_FROM_ACCESSION,https://www.sec.gov/Archives/edgar/data/77476/000110465923066134/tm2317115d1_ex99-2.htm
adjudication:c521bda495d4f37e,Bausch & Lomb Corp,4825000000.0,determine collateral scope,EX-10_exhibit,Credit Agreement,000186074225000018,RE_EXTRACT_DEPTH,https://www.sec.gov/Archives/edgar/data/1860742/000186074225000018/exhibit101q22025creditagee.htm
adjudication:08c9cd08cd069566,Applied Digital Corp.,4700000000.0,determine collateral scope,other,Guaranty,000149315225021400,FETCH_EXHIBIT_FROM_ACCESSION,https://www.sec.gov/Archives/edgar/data/1144879/000149315225021400/ex99-1.htm
adjudication:86a00988d8f7cf6b,Applied Digital Corp.,4700000000.0,determine collateral scope,other,Guaranty,000149315225022506,FETCH_EXHIBIT_FROM_ACCESSION,https://www.sec.gov/Archives/edgar/data/1144879/000149315225022506/ex99-1.htm
adjudication:4fdb4fa185a763b8,Constellation Energy Corp,4600000000.0,determine recourse and guarantee scope,other,credit agreement,000110465925119690,FETCH_EXHIBIT_FROM_ACCESSION,https://www.sec.gov/Archives/edgar/data/1868275/000110465925119690/tm2532248d2_ex99-2.htm
adjudication:1e17a3f3d36b0e22,EXPAND ENERGY Corp,4500000000.0,determine collateral scope,EX-10_exhibit,Credit Agreement,000110465925095028,RE_EXTRACT_DEPTH,https://www.sec.gov/Archives/edgar/data/895126/000110465925095028/tm2527435d1_ex10-1.htm
adjudication:6aace7485c1c139e,FORD MOTOR CO,4000000000.0,determine collateral scope,EX-10_exhibit,Credit Agreement,000003799626000079,RE_EXTRACT_DEPTH,https://www.sec.gov/Archives/edgar/data/37996/000003799626000079/exhibit103april152026.htm
adjudication:9e1b5c18f593c7d2,Kraft Heinz Co,4000000000.0,determine collateral scope,EX-10_exhibit,Credit Agreement,000119312525156609,RE_EXTRACT_DEPTH,https://www.sec.gov/Archives/edgar/data/1637459/000119312525156609/d34422dex101.htm
adjudication:d1a8e7a875087038,FORD MOTOR CO,4000000000.0,determine collateral scope,EX-10_exhibit,Credit Agreement,000003799626000079,RE_EXTRACT_DEPTH,https://www.sec.gov/Archives/edgar/data/37996/000003799626000079/exhibit102april152026.htm
adjudication:1aac593ae21a553b,TE Connectivity plc,4000000000.0,determine collateral scope,EX-10_exhibit,Credit Agreement,000110465926015617,RE_EXTRACT_DEPTH,https://www.sec.gov/Archives/edgar/data/1385157/000110465926015617/tm266298d1_ex10-1.htm
adjudication:a96ae6d56ee4a44b,FORD MOTOR CO,4000000000.0,determine collateral scope,EX-10_exhibit,Credit Agreement,000003799626000093,RE_EXTRACT_DEPTH,https://www.sec.gov/Archives/edgar/data/37996/000003799626000093/exhibit10tofordmay2020268-k.htm
adjudication:256701d22b2d333c,Reynolds Consumer Products Inc.,3893165050.0,determine recourse and guarantee scope,EX-10_exhibit,Credit Agreement,000162828025009801,RE_EXTRACT_DEPTH,https://www.sec.gov/Archives/edgar/data/1786431/000162828025009801/exhibit101.htm
adjudication:3a0d965277c3d0b7,TransDigm Group INC,3778780774.68,determine recourse and guarantee scope,EX-10_exhibit,Credit Agreement,000119312526051416,RE_EXTRACT_DEPTH,https://www.sec.gov/Archives/edgar/data/1260221/000119312526051416/d83933dex101.htm
adjudication:98f26b1e7ed5568a,TransDigm Group INC,3778780774.68,determine recourse and guarantee scope,EX-10_exhibit,Credit Agreement,000119312526161564,RE_EXTRACT_DEPTH,https://www.sec.gov/Archives/edgar/data/1260221/000119312526161564/d108525dex101.htm
adjudication:aefebf8319c76b02,"HEALTHPEAK PROPERTIES, INC.",3750000000.0,determine collateral scope,EX-10_exhibit,CREDIT AGREEMENT,000162828025046273,RE_EXTRACT_DEPTH,https://www.sec.gov/Archives/edgar/data/765880/000162828025046273/ex10109302025.htm
adjudication:2de5a71e30e784a8,"Amentum Holdings, Inc.",3750000000.0,determine recourse and guarantee scope,other,credit agreement,000162828025011468,FETCH_EXHIBIT_FROM_ACCESSION,https://www.sec.gov/Archives/edgar/data/2011286/000162828025011468/amentumholdingsinc-sx1shelf.htm
adjudication:d6ecd1c39cb394ca,JBT MAREL Corp,3572400000.0,determine recourse and guarantee scope,other,Credit Agreement,000119312525194962,FETCH_EXHIBIT_FROM_ACCESSION,https://www.sec.gov/Archives/edgar/data/1433660/000119312525194962/d60241dex992.htm
adjudication:d00a9cb4235fc605,Ingram Micro Holding Corp,3500000000.0,determine collateral scope,424B_prospectus,Credit Agreement,000162828026015358,FETCH_EXHIBIT_FROM_ACCESSION,https://www.sec.gov/Archives/edgar/data/1897762/000162828026015358/ingrammicro424b3preliminar.htm
adjudication:9572c910556189f5,"KINDER MORGAN, INC.",3500000000.0,determine collateral scope,other,Credit Agreement,000150630726000049,FETCH_EXHIBIT_FROM_ACCESSION,https://www.sec.gov/Archives/edgar/data/1506307/000150630726000049/kmi-20260521.htm
adjudication:f9a46c999cd57f62,CHS INC,3500000000.0,determine collateral scope,other,Credit Agreement,000082327723000027,FETCH_EXHIBIT_FROM_ACCESSION,https://www.sec.gov/Archives/edgar/data/823277/000082327723000027/chscp-20230421.htm
adjudication:f232d616b0149b3e,MICRON TECHNOLOGY INC,3500000000.0,determine collateral scope,8-K_body,Credit Agreement,000110465925022973,FETCH_EXHIBIT_FROM_ACCESSION,https://www.sec.gov/Archives/edgar/data/723125/000110465925022973/tm258936d1_8k.htm
adjudication:1db6e39b51674f27,SANMINA CORP,3500000000.0,determine collateral scope,other,Credit Agreement,000089772326000004,FETCH_EXHIBIT_FROM_ACCESSION,https://www.sec.gov/Archives/edgar/data/897723/000089772326000004/ex_992xunauditedproforma.htm
adjudication:f2467bdfb18bd16b,KKR & Co. Inc.,3500000000.0,determine collateral scope,8-K_body,Credit Agreement,000114036124032855,FETCH_EXHIBIT_FROM_ACCESSION,https://www.sec.gov/Archives/edgar/data/1404912/000114036124032855/ef20032244_8k.htm
adjudication:8d6aaa536f00a190,COLUMBUS MCKINNON CORP,3450000000.0,determine recourse and guarantee scope,other,credit agreement,000119312526027731,FETCH_EXHIBIT_FROM_ACCESSION,https://www.sec.gov/Archives/edgar/data/1005229/000119312526027731/d90948dex991.htm
adjudication:be138266454c0cbc,SOUTHERN CALIFORNIA EDISON Co,3350000000.0,determine collateral scope,8-K_body,Credit Agreement,000009210326000007,FETCH_EXHIBIT_FROM_ACCESSION,https://www.sec.gov/Archives/edgar/data/92103/000009210326000007/sce-20260220x8k.htm
adjudication:d26caefdffc91666,SOUTHERN CALIFORNIA EDISON Co,3350000000.0,determine collateral scope,8-K_body,Credit Agreement,000009210326000003,FETCH_EXHIBIT_FROM_ACCESSION,https://www.sec.gov/Archives/edgar/data/92103/000009210326000003/sce-20260211x8k.htm
adjudication:0b889437692f7428,"CORPAY, INC.",3300000000.0,determine collateral scope,EX-10_exhibit,CREDIT AGREEMENT,000117545426000040,RE_EXTRACT_DEPTH,https://www.sec.gov/Archives/edgar/data/1175454/000117545426000040/ex101eighteenthamendmentto.htm
adjudication:6728e41d178e59f3,"CORPAY, INC.",3300000000.0,determine collateral scope,other,Credit Agreement,000117545426000040,FETCH_EXHIBIT_FROM_ACCESSION,https://www.sec.gov/Archives/edgar/data/1175454/000117545426000040/flt-20260521.htm
adjudication:a366b7676d5dd747,Hut 8 Corp.,3250000000.0,determine collateral scope,EX-4_exhibit,indenture,000110465926053247,RE_EXTRACT_DEPTH,https://www.sec.gov/Archives/edgar/data/1964789/000110465926053247/tm2613163d1_ex4-1.htm
adjudication:5c31325b9b0a7411,Matador Resources Co,3250000000.0,determine collateral scope,EX-10_exhibit,CREDIT AGREEMENT,000110465925120120,RE_EXTRACT_DEPTH,https://www.sec.gov/Archives/edgar/data/1520006/000110465925120120/tm2533173d2_ex10-1.htm
adjudication:b64192586d2f5bb0,COLUMBUS MCKINNON CORP,3125000000.0,determine recourse and guarantee scope,other,credit agreement,000119312526015918,FETCH_EXHIBIT_FROM_ACCESSION,https://www.sec.gov/Archives/edgar/data/1005229/000119312526015918/d13607dex992.htm
adjudication:45f96f202021faf7,Primo Brands Corp,3090000000.0,determine collateral scope,8-K_body,Credit Agreement,000119312526135834,FETCH_EXHIBIT_FROM_ACCESSION,https://www.sec.gov/Archives/edgar/data/2042694/000119312526135834/d144191d8k.htm
adjudication:4c1f084ab85b5dca,SYSCO CORP,3000000000.0,determine collateral scope,8-K_body,Credit Agreement,000119312526164087,FETCH_EXHIBIT_FROM_ACCESSION,https://www.sec.gov/Archives/edgar/data/96021/000119312526164087/d290779d8k.htm
adjudication:ff96e842ddc5b787,SYSCO CORP,3000000000.0,determine collateral scope,EX-10_exhibit,CREDIT AGREEMENT,000119312526164087,RE_EXTRACT_DEPTH,https://www.sec.gov/Archives/edgar/data/96021/000119312526164087/d290779dex101.htm
adjudication:dee3f2b3bea29f1f,GE Vernova Inc.,3000000000.0,determine collateral scope,EX-10_exhibit,CREDIT AGREEMENT,000199681024000008,RE_EXTRACT_DEPTH,https://www.sec.gov/Archives/edgar/data/1996810/000199681024000008/gev1q2024exhibit101.htm
adjudication:1be83fb3651fb612,FS Credit Opportunities Corp.,3000000000.0,determine recourse and guarantee scope,424B_prospectus,security agreement,000119312525007175,FETCH_EXHIBIT_FROM_ACCESSION,https://www.sec.gov/Archives/edgar/data/1568194/000119312525007175/d924169d424b2.htm
adjudication:091f3b1164a4873c,NXP Semiconductors N.V.,3000000000.0,determine collateral scope,8-K_body,Credit Agreement,000119312526041255,FETCH_EXHIBIT_FROM_ACCESSION,https://www.sec.gov/Archives/edgar/data/1413447/000119312526041255/d90435d8k.htm
adjudication:6980d267b2f33735,Eaton Corp plc,3000000000.0,determine collateral scope,8-K_body,Credit Agreement,000114036125036514,FETCH_EXHIBIT_FROM_ACCESSION,https://www.sec.gov/Archives/edgar/data/1551182/000114036125036514/ef20056153_8k.htm
adjudication:02ce164d48531e9b,GE Vernova Inc.,3000000000.0,determine collateral scope,other,Credit Agreement,000199681024000069,FETCH_EXHIBIT_FROM_ACCESSION,https://www.sec.gov/Archives/edgar/data/1996810/000199681024000069/gev10-q2q24xprospectus.htm
adjudication:c9daca8ee67aeb95,American Airlines Group Inc.,3000000000.0,determine collateral scope,8-K_body,credit agreement,000119312526098647,FETCH_EXHIBIT_FROM_ACCESSION,https://www.sec.gov/Archives/edgar/data/6201/000119312526098647/d35934d8k.htm
adjudication:e2dab9e1f592f615,BLUE OWL CAPITAL INC.,3000000000.0,determine collateral scope,8-K_body,Credit Agreement,000119312525177104,FETCH_EXHIBIT_FROM_ACCESSION,https://www.sec.gov/Archives/edgar/data/1823945/000119312525177104/d887624d8k.htm
adjudication:57e5d0b37500144f,Ares Management Corp,3000000000.0,determine collateral scope,other,Credit Agreement,000162828026038606,FETCH_EXHIBIT_FROM_ACCESSION,https://www.sec.gov/Archives/edgar/data/1176948/000162828026038606/ares-20260521.htm
adjudication:feffeadc0c9a96bc,LOCKHEED MARTIN CORP,3000000000.0,determine collateral scope,8-K_body,Credit Agreement,000119312525192837,FETCH_EXHIBIT_FROM_ACCESSION,https://www.sec.gov/Archives/edgar/data/936468/000119312525192837/d14459d8k.htm
adjudication:2df5e238853de06c,SYSCO CORP,3000000000.0,determine collateral scope,8-K_body,Credit Agreement,000119312525197606,FETCH_EXHIBIT_FROM_ACCESSION,https://www.sec.gov/Archives/edgar/data/96021/000119312525197606/d936312d8k.htm
adjudication:696cfb842ed7bab6,STRYKER CORP,3000000000.0,determine collateral scope,8-K_body,credit agreement,000119312525039302,FETCH_EXHIBIT_FROM_ACCESSION,https://www.sec.gov/Archives/edgar/data/310764/000119312525039302/d904508d8k.htm
adjudication:f0cfa1921aace000,LOCKHEED MARTIN CORP,3000000000.0,determine collateral scope,other,Credit Agreement,000093646824000101,FETCH_EXHIBIT_FROM_ACCESSION,https://www.sec.gov/Archives/edgar/data/936468/000093646824000101/lmt-20240823.htm
adjudication:047a820c935b2f99,Carnival Corp Ltd.,3000000000.0,determine collateral scope,EX-10_exhibit,Indenture,000081509725000084,RE_EXTRACT_DEPTH,https://www.sec.gov/Archives/edgar/data/815097/000081509725000084/exhibit103q32025.htm
adjudication:5e9a99ccb45f773e,Eaton Corp plc,3000000000.0,determine collateral scope,EX-10_exhibit,CREDIT AGREEMENT,000114036125036514,RE_EXTRACT_DEPTH,https://www.sec.gov/Archives/edgar/data/1551182/000114036125036514/ef20056153_ex10-1.htm
adjudication:677583c42812b73a,LITHIA MOTORS INC,3000000000.0,determine collateral scope,EX-4_exhibit,Credit Agreement,000114036125034574,RE_EXTRACT_DEPTH,https://www.sec.gov/Archives/edgar/data/1023128/000114036125034574/ef20055382_ex4-1.htm
adjudication:3d60ea62ecb0b7cb,BHP Group Ltd,2953000000.0,determine collateral scope,424B_prospectus,indenture,000119312525193425,FETCH_EXHIBIT_FROM_ACCESSION,https://www.sec.gov/Archives/edgar/data/811809/000119312525193425/d904309d424b2.htm
adjudication:7960e7edd3c1067e,ITT INC.,2875000000.0,determine collateral scope,other,credit agreement,000021622826000018,FETCH_EXHIBIT_FROM_ACCESSION,https://www.sec.gov/Archives/edgar/data/216228/000021622826000018/itt-20260218.htm
adjudication:a162b848bb952aa4,ITT INC.,2875000000.0,determine collateral scope,other,credit agreement,000021622826000031,FETCH_EXHIBIT_FROM_ACCESSION,https://www.sec.gov/Archives/edgar/data/216228/000021622826000031/exhibit9922025proformafina.htm
adjudication:f9a4378621d4225d,"QUANTA SERVICES, INC.",2800000000.0,determine collateral scope,8-K_body,Credit Agreement,000119312524190572,FETCH_EXHIBIT_FROM_ACCESSION,https://www.sec.gov/Archives/edgar/data/1050915/000119312524190572/d850925d8k.htm
adjudication:63b4a595ef8771a4,APi Group Corp,2800000000.0,determine collateral scope,EX-10_exhibit,Credit Agreement,000119312526229096,RE_EXTRACT_DEPTH,https://www.sec.gov/Archives/edgar/data/1796209/000119312526229096/d69397dex101.htm
adjudication:96dd348dae46e7c2,TELEFLEX INC,2702000000.0,determine collateral scope,other,credit agreement,000119312526249764,FETCH_EXHIBIT_FROM_ACCESSION,https://www.sec.gov/Archives/edgar/data/96943/000119312526249764/d126202dex992.htm
adjudication:ecb66415d8bc3884,ENTERPRISE PRODUCTS PARTNERS L.P.,2700000000.0,determine collateral scope,8-K_body,Credit Agreement,000119312525067053,FETCH_EXHIBIT_FROM_ACCESSION,https://www.sec.gov/Archives/edgar/data/1061219/000119312525067053/d945779d8k.htm
adjudication:24d259e178716d65,Uniti Group Inc.,2650000000.0,determine recourse and guarantee scope,other,Credit Agreement,000162828025048540,FETCH_EXHIBIT_FROM_ACCESSION,https://www.sec.gov/Archives/edgar/data/2020795/000162828025048540/unit-ex9913q25xnu.htm
adjudication:823d5b407540ecd5,Baker Hughes Co,2600000000.0,determine collateral scope,424B_prospectus,Credit Agreement,000119312526096899,FETCH_EXHIBIT_FROM_ACCESSION,https://www.sec.gov/Archives/edgar/data/1701605/000119312526096899/d120546d424b2.htm
adjudication:298a5404796605a0,Baker Hughes Co,2600000000.0,determine collateral scope,424B_prospectus,Credit Agreement,000119312526089947,FETCH_EXHIBIT_FROM_ACCESSION,https://www.sec.gov/Archives/edgar/data/1701605/000119312526089947/d56050d424b2.htm
adjudication:b0dd2d1c2a09ba67,Athene Holding Ltd.,2600000000.0,determine collateral scope,other,Credit Agreement,000152746924000056,FETCH_EXHIBIT_FROM_ACCESSION,https://www.sec.gov/Archives/edgar/data/1527469/000152746924000056/ahl-20240628.htm
adjudication:31aada7d134d3787,Baker Hughes Co,2600000000.0,determine collateral scope,424B_prospectus,Credit Agreement,000119312526096905,FETCH_EXHIBIT_FROM_ACCESSION,https://www.sec.gov/Archives/edgar/data/1701605/000119312526096905/d56050d424b2.htm
adjudication:a0ee9b44482277c7,Athene Holding Ltd.,2600000000.0,determine collateral scope,8-K_body,Credit Agreement,000119312525154072,FETCH_EXHIBIT_FROM_ACCESSION,https://www.sec.gov/Archives/edgar/data/1527469/000119312525154072/d948326d8k.htm
adjudication:61d1be56093e1dca,Baker Hughes Co,2600000000.0,determine collateral scope,424B_prospectus,Credit Agreement,000119312526089950,FETCH_EXHIBIT_FROM_ACCESSION,https://www.sec.gov/Archives/edgar/data/1701605/000119312526089950/d120546d424b2.htm
adjudication:22a6eb5d7be2a3a6,"Amneal Pharmaceuticals, Inc.",2550000000.0,determine recourse and guarantee scope,other,Credit Agreement,000095010325009025,FETCH_EXHIBIT_FROM_ACCESSION,https://www.sec.gov/Archives/edgar/data/1723128/000095010325009025/dp231799_ex9901.htm
adjudication:c541885a35004d44,MCKESSON CORP,2500000000.0,determine collateral scope,EX-10_exhibit,CREDIT AGREEMENT,000092765326000053,RE_EXTRACT_DEPTH,https://www.sec.gov/Archives/edgar/data/927653/000092765326000053/mck_ex101-mckessonxrevolvi.htm
adjudication:a9f2305440ff51ca,Ares Management Corp,2500000000.0,determine collateral scope,other,Credit Agreement,000162828025020055,FETCH_EXHIBIT_FROM_ACCESSION,https://www.sec.gov/Archives/edgar/data/1176948/000162828025020055/ares-20250422.htm
adjudication:124c7d957735ba1b,Parker-Hannifin Corp,2500000000.0,determine collateral scope,8-K_body,Credit Agreement,000119312525314164,FETCH_EXHIBIT_FROM_ACCESSION,https://www.sec.gov/Archives/edgar/data/76334/000119312525314164/d25389d8k.htm
adjudication:bf6849c6e617f659,NISOURCE INC.,2500000000.0,determine collateral scope,EX-10_exhibit,Credit Agreement,000119312525316004,RE_EXTRACT_DEPTH,https://www.sec.gov/Archives/edgar/data/1111711/000119312525316004/d938529dex101.htm
adjudication:e45011b4991b21ad,MOSAIC CO,2500000000.0,determine recourse and guarantee scope,424B_prospectus,Indenture,000119312525273360,FETCH_EXHIBIT_FROM_ACCESSION,https://www.sec.gov/Archives/edgar/data/1285785/000119312525273360/d916326d424b5.htm
adjudication:c80913ed791bb0fd,"TYSON FOODS, INC.",2500000000.0,determine collateral scope,other,Credit Agreement,000010049325000049,FETCH_EXHIBIT_FROM_ACCESSION,https://www.sec.gov/Archives/edgar/data/100493/000010049325000049/tsn-20250415.htm
adjudication:76bcf9977987b42f,VICI PROPERTIES INC.,2500000000.0,determine collateral scope,8-K_body,Credit Agreement,000110465925008898,FETCH_EXHIBIT_FROM_ACCESSION,https://www.sec.gov/Archives/edgar/data/1705696/000110465925008898/tm254973d1_8k.htm
adjudication:cb27c37bc96a6f3b,MOSAIC CO,2500000000.0,determine collateral scope,other,Credit Agreement,000162828025027098,FETCH_EXHIBIT_FROM_ACCESSION,https://www.sec.gov/Archives/edgar/data/1285785/000162828025027098/ax2025amendedandrestatedcr.htm
adjudication:f3f02b626152bf5d,"Evergy, Inc.",2500000000.0,determine collateral scope,8-K_body,Credit Agreement,000119312523159868,FETCH_EXHIBIT_FROM_ACCESSION,https://www.sec.gov/Archives/edgar/data/1711269/000119312523159868/d455453d8k.htm
adjudication:ced352d51c179400,NXP Semiconductors N.V.,2500000000.0,determine collateral scope,424B_prospectus,Credit Agreement,000119312525178588,FETCH_EXHIBIT_FROM_ACCESSION,https://www.sec.gov/Archives/edgar/data/1413447/000119312525178588/d94185d424b5.htm
adjudication:4d941c8a1e9672f3,BHP Group Ltd,2491000000.0,determine collateral scope,424B_prospectus,indenture,000119312525028242,FETCH_EXHIBIT_FROM_ACCESSION,https://www.sec.gov/Archives/edgar/data/811809/000119312525028242/d942897d424b2.htm
adjudication:a7ff671246f66788,Sunoco LP,2455500000.0,determine collateral scope,8-K_body,Credit Agreement,000119312525143803,FETCH_EXHIBIT_FROM_ACCESSION,https://www.sec.gov/Archives/edgar/data/1552275/000119312525143803/d63531d8k.htm
adjudication:cc643240bdc8c0e6,Aramark,2384140862.9,determine recourse and guarantee scope,other,Credit Agreement,000158450925000224,FETCH_EXHIBIT_FROM_ACCESSION,https://www.sec.gov/Archives/edgar/data/1584509/000158450925000224/cik0-20251211.htm
adjudication:b500b9add16356c7,Applied Digital Corp.,2350000000.0,determine collateral scope,other,Guaranty,000149315225024479,FETCH_EXHIBIT_FROM_ACCESSION,https://www.sec.gov/Archives/edgar/data/1144879/000149315225024479/form8-k.htm
adjudication:3c5a134d077b2626,"CORPAY, INC.",2344875000.0,determine collateral scope,EX-10_exhibit,Credit Agreement,000117545425000025,RE_EXTRACT_DEPTH,https://www.sec.gov/Archives/edgar/data/1175454/000117545425000025/ex101seventeenthamendmentt.htm
adjudication:bd3d73616d07cc94,ALGONQUIN POWER & UTILITIES CORP.,2280000000.0,determine collateral scope,other,indenture,000114036124037813,FETCH_EXHIBIT_FROM_ACCESSION,https://www.sec.gov/Archives/edgar/data/1174169/000114036124037813/ef20034313_ex99-2.htm
adjudication:8a70581d7fbb143d,Broadcom Inc.,2250000000.0,determine collateral scope,8-K_body,Indenture,000119312525223202,FETCH_EXHIBIT_FROM_ACCESSION,https://www.sec.gov/Archives/edgar/data/1730168/000119312525223202/d60592d8k.htm
adjudication:b929294b168f4ba9,IRON MOUNTAIN INC,2250000000.0,determine collateral scope,EX-10_exhibit,CREDIT AGREEMENT,000110465924115356,RE_EXTRACT_DEPTH,https://www.sec.gov/Archives/edgar/data/1020569/000110465924115356/tm2427786d1_ex10-1.htm
adjudication:73be91bd0fa5dccc,BLUE OWL CAPITAL INC.,2250000000.0,determine collateral scope,8-K_body,Credit Agreement,000119312524182973,FETCH_EXHIBIT_FROM_ACCESSION,https://www.sec.gov/Archives/edgar/data/1823945/000119312524182973/d841605d8k.htm
adjudication:c79cd61116e87afb,Phillips 66,2250000000.0,determine collateral scope,8-K_body,credit agreement,000119312526114070,FETCH_EXHIBIT_FROM_ACCESSION,https://www.sec.gov/Archives/edgar/data/1534701/000119312526114070/d20718d8k.htm
adjudication:d69c76a6f3e56c2c,Phillips 66,2250000000.0,determine collateral scope,EX-10_exhibit,CREDIT AGREEMENT,000119312526114070,RE_EXTRACT_DEPTH,https://www.sec.gov/Archives/edgar/data/1534701/000119312526114070/d20718dex101.htm
adjudication:35b61f7f40d62452,INTUIT INC.,2200000000.0,determine collateral scope,other,Credit Agreement,000089687826000004,FETCH_EXHIBIT_FROM_ACCESSION,https://www.sec.gov/Archives/edgar/data/896878/000089687826000004/intu-20260109.htm
adjudication:ccc086bb4f1fa241,Talen Energy Corp,2180000000.0,determine collateral scope,EX-10_exhibit,CREDIT AGREEMENT,000162253625000037,RE_EXTRACT_DEPTH,https://www.sec.gov/Archives/edgar/data/1622536/000162253625000037/ex101amendmentno5tocredita.htm
adjudication:ebf983da41733754,Talen Energy Corp,2180000000.0,determine recourse and guarantee scope,EX-10_exhibit,Credit Agreement,000162253626000042,RE_EXTRACT_DEPTH,https://www.sec.gov/Archives/edgar/data/1622536/000162253626000042/ex101amendmentno6tocredita.htm
adjudication:c1e88a8ecef6c4fe,"Construction Partners, Inc.",2145800000.0,determine recourse and guarantee scope,other,Credit Agreement,000119312525181932,FETCH_EXHIBIT_FROM_ACCESSION,https://www.sec.gov/Archives/edgar/data/1718227/000119312525181932/d149800dex991.htm
adjudication:456075a3a2615c84,"Paycom Software, Inc.",2125000000.0,determine collateral scope,other,Credit Agreement,000119312526173704,FETCH_EXHIBIT_FROM_ACCESSION,https://www.sec.gov/Archives/edgar/data/1590955/000119312526173704/payc-20260423.htm
adjudication:312fb657b7e61b6a,SMITHFIELD FOODS INC,2100000000.0,determine collateral scope,other,Credit Agreement,000162828025005129,FETCH_EXHIBIT_FROM_ACCESSION,https://www.sec.gov/Archives/edgar/data/91388/000162828025005129/sfd-20250212.htm
adjudication:bbf8e801ca621960,"Amneal Pharmaceuticals, Inc.",2100000000.0,determine recourse and guarantee scope,other,Credit Agreement,000172312826000008,FETCH_EXHIBIT_FROM_ACCESSION,https://www.sec.gov/Archives/edgar/data/1723128/000172312826000008/amrx-q42025ex991.htm
adjudication:d9b8aeb0d9699b15,"Amneal Pharmaceuticals, Inc.",2100000000.0,determine recourse and guarantee scope,other,Credit Agreement,000172312825000059,FETCH_EXHIBIT_FROM_ACCESSION,https://www.sec.gov/Archives/edgar/data/1723128/000172312825000059/amrx-q32025ex991.htm
adjudication:448f205fe61e0728,"Versant Media Group, Inc.",2000000000.0,determine recourse and guarantee scope,EX-10_exhibit,Credit Agreement,000095010326000080,RE_EXTRACT_DEPTH,https://www.sec.gov/Archives/edgar/data/2067876/000095010326000080/dp239186_ex1004.htm
adjudication:9f7048d41103d694,WORLD KINECT CORP,2000000000.0,determine collateral scope,8-K_body,Credit Agreement,000119312525280505,FETCH_EXHIBIT_FROM_ACCESSION,https://www.sec.gov/Archives/edgar/data/789460/000119312525280505/d809353d8k.htm
adjudication:18dedecbfb2e37ee,INSIGHT ENTERPRISES INC,2000000000.0,determine collateral scope,other,credit agreement,000093269625000035,FETCH_EXHIBIT_FROM_ACCESSION,https://www.sec.gov/Archives/edgar/data/932696/000093269625000035/nsit-20251219.htm
adjudication:f2c697e935af2d08,Ares Management Corp,2000000000.0,determine collateral scope,other,Credit Agreement,000162828024014594,FETCH_EXHIBIT_FROM_ACCESSION,https://www.sec.gov/Archives/edgar/data/1176948/000162828024014594/ares-20240328.htm
adjudication:01af0b698561c740,Fortive Corp,2000000000.0,determine collateral scope,EX-10_exhibit,Credit Agreement,000110465926032724,RE_EXTRACT_DEPTH,https://www.sec.gov/Archives/edgar/data/1659166/000110465926032724/tm268842d1_ex10-1.htm
adjudication:d2eeb582a00cda94,LOWES COMPANIES INC,2000000000.0,determine collateral scope,EX-10_exhibit,Credit Agreement,000119312525208264,RE_EXTRACT_DEPTH,https://www.sec.gov/Archives/edgar/data/60667/000119312525208264/d56079dex101.htm
adjudication:b599dd6f703a363c,Eaton Corp plc,2000000000.0,determine collateral scope,8-K_body,credit agreement,000114036126008836,FETCH_EXHIBIT_FROM_ACCESSION,https://www.sec.gov/Archives/edgar/data/1551182/000114036126008836/ef20067414_8k.htm
adjudication:904f76d58bc9fff6,NSTAR ELECTRIC CO,2000000000.0,determine collateral scope,EX-4_exhibit,Credit Agreement,000007274124000023,RE_EXTRACT_DEPTH,https://www.sec.gov/Archives/edgar/data/13372/000007274124000023/ex4thirdamendmenteversource.htm
adjudication:f25777791a8f8237,LEAR CORP,2000000000.0,determine collateral scope,other,credit agreement,000084216225000065,FETCH_EXHIBIT_FROM_ACCESSION,https://www.sec.gov/Archives/edgar/data/842162/000084216225000065/lear-20250724.htm
adjudication:fb469a22f63b6bba,BIOGEN INC.,2000000000.0,determine collateral scope,EX-10_exhibit,CREDIT AGREEMENT,000119312526222908,RE_EXTRACT_DEPTH,https://www.sec.gov/Archives/edgar/data/875045/000119312526222908/d109852dex102.htm
adjudication:1b685f31339ff484,SANMINA CORP,2000000000.0,determine collateral scope,8-K_body,Credit Agreement,000110465925071964,FETCH_EXHIBIT_FROM_ACCESSION,https://www.sec.gov/Archives/edgar/data/897723/000110465925071964/tm2522057d1_8k.htm
adjudication:20c57720101871fb,Fortive Corp,2000000000.0,determine collateral scope,8-K_body,credit agreement,000110465926032724,FETCH_EXHIBIT_FROM_ACCESSION,https://www.sec.gov/Archives/edgar/data/1659166/000110465926032724/tm268842d1_8k.htm
adjudication:58eba89feab9fedd,SM Energy Co,2000000000.0,determine collateral scope,8-K_body,Credit Agreement,000110465926008380,FETCH_EXHIBIT_FROM_ACCESSION,https://www.sec.gov/Archives/edgar/data/893538/000110465926008380/tm264415d2_8k.htm
adjudication:f2ab067fff942a69,LOWES COMPANIES INC,2000000000.0,determine collateral scope,EX-10_exhibit,Credit Agreement,000119312525208264,RE_EXTRACT_DEPTH,https://www.sec.gov/Archives/edgar/data/60667/000119312525208264/d56079dex104.htm
adjudication:d8c17c1ff63f3717,BLUE OWL CAPITAL INC.,2000000000.0,determine collateral scope,8-K_body,Credit Agreement,000119312523178740,FETCH_EXHIBIT_FROM_ACCESSION,https://www.sec.gov/Archives/edgar/data/1823945/000119312523178740/d494019d8k.htm
adjudication:3e41f5b7c7e4615b,CONNECTICUT LIGHT & POWER CO,2000000000.0,determine collateral scope,EX-4_exhibit,Credit Agreement,000007274124000023,RE_EXTRACT_DEPTH,https://www.sec.gov/Archives/edgar/data/23426/000007274124000023/ex4thirdamendmenteversource.htm
adjudication:546785b86c237b87,"Barings BDC, Inc.",1990000000.0,determine recourse and guarantee scope,other,credit agreement,000137978524000064,FETCH_EXHIBIT_FROM_ACCESSION,https://www.sec.gov/Archives/edgar/data/1379785/000137978524000064/exhibit99120241106earnings.htm
adjudication:9bff2976cdd46a18,ROYAL CARIBBEAN CRUISES LTD,1925000000.0,determine collateral scope,EX-10_exhibit,Credit Agreement,000088488724000075,RE_EXTRACT_DEPTH,https://www.sec.gov/Archives/edgar/data/884887/000088488724000075/a2023q4exhibit10100.htm
adjudication:0038992c96d28f12,Trinseo PLC,1906500000.0,determine recourse and guarantee scope,other,Credit Agreement,000110465926066376,FETCH_EXHIBIT_FROM_ACCESSION,https://www.sec.gov/Archives/edgar/data/1519061/000110465926066376/tm2615591d1_ex99-2.htm
adjudication:44b738523d170cad,"NRG ENERGY, INC.",1875000000.0,determine recourse and guarantee scope,other,credit agreement,000110465924109295,FETCH_EXHIBIT_FROM_ACCESSION,https://www.sec.gov/Archives/edgar/data/1013871/000110465924109295/tm2426293d1_ex99-2.htm
adjudication:9f561add2b82ad3f,COMMERCIAL METALS Co,1850000000.0,determine collateral scope,EX-10_exhibit,Credit Agreement,000119312525265743,RE_EXTRACT_DEPTH,https://www.sec.gov/Archives/edgar/data/22444/000119312525265743/d157302dex101.htm
adjudication:0b625d3312add97c,SPIRE INC,1818000000.0,determine collateral scope,other,indenture,000119312525114802,FETCH_EXHIBIT_FROM_ACCESSION,https://www.sec.gov/Archives/edgar/data/1126956/000119312525114802/d923196ds3asr.htm
adjudication:a5c79f02358d7ad8,EXELON CORP,1800000000.0,determine collateral scope,424B_prospectus,Indenture,000110465923022633,FETCH_EXHIBIT_FROM_ACCESSION,https://www.sec.gov/Archives/edgar/data/1109357/000110465923022633/tm236672-1_424b5.htm
adjudication:7359a18138bb952a,DiamondRock Hospitality Co,1800000000.0,determine collateral scope,EX-10_exhibit,Credit Agreement,000110465925069789,RE_EXTRACT_DEPTH,https://www.sec.gov/Archives/edgar/data/1298946/000110465925069789/tm2521322d1_ex10-1.htm
adjudication:7267e763c036f709,EXELON CORP,1800000000.0,determine collateral scope,424B_prospectus,Indenture,000110465923023286,FETCH_EXHIBIT_FROM_ACCESSION,https://www.sec.gov/Archives/edgar/data/1109357/000110465923023286/tm236672-3_424b3.htm
adjudication:b5151eda003dbf7b,Royalty Pharma plc,1800000000.0,determine collateral scope,8-K_body,Credit Agreement,000119312526245163,FETCH_EXHIBIT_FROM_ACCESSION,https://www.sec.gov/Archives/edgar/data/1802768/000119312526245163/d131735d8k.htm
adjudication:6c444f2ffae4fc45,Vistra Corp.,1750000000.0,determine recourse and guarantee scope,8-K_body,Credit Agreement,000119312524233978,FETCH_EXHIBIT_FROM_ACCESSION,https://www.sec.gov/Archives/edgar/data/1692819/000119312524233978/d846196d8k.htm
adjudication:fe87a693813afacd,"Ventas, Inc.",1750000000.0,determine collateral scope,EX-10_exhibit,Credit Agreement,000110465926001785,RE_EXTRACT_DEPTH,https://www.sec.gov/Archives/edgar/data/740260/000110465926001785/tm262400d1_ex10-1.htm
adjudication:7dbdb8c3c66c0f18,"USA Compression Partners, LP",1750000000.0,determine collateral scope,8-K_body,credit agreement,000119312525189871,FETCH_EXHIBIT_FROM_ACCESSION,https://www.sec.gov/Archives/edgar/data/1522727/000119312525189871/d91818d8k.htm
adjudication:e11df464dc1cf2a8,Invitation Homes Inc.,1750000000.0,determine collateral scope,424B_prospectus,indenture,000119312525179878,FETCH_EXHIBIT_FROM_ACCESSION,https://www.sec.gov/Archives/edgar/data/1687229/000119312525179878/d54129d424b5.htm
adjudication:9b5c362d062cde98,Invitation Homes Inc.,1750000000.0,determine collateral scope,424B_prospectus,indenture,000119312525178553,FETCH_EXHIBIT_FROM_ACCESSION,https://www.sec.gov/Archives/edgar/data/1687229/000119312525178553/d54129d424b5.htm
adjudication:1d392da8fa7f2a1b,Celanese Corp,1750000000.0,determine collateral scope,424B_prospectus,Credit Agreement,000162828025054599,FETCH_EXHIBIT_FROM_ACCESSION,https://www.sec.gov/Archives/edgar/data/1306830/000162828025054599/a424b52025filingprelim-usd.htm
adjudication:01b895bf7c8c6158,FEDEX CORP,1750000000.0,determine collateral scope,8-K_body,credit agreement,000119312525269610,FETCH_EXHIBIT_FROM_ACCESSION,https://www.sec.gov/Archives/edgar/data/1048911/000119312525269610/d48279d8k.htm
adjudication:ce6157ca7c82f06d,WILLIS LEASE FINANCE CORP,1750000000.0,determine collateral scope,other,Credit Agreement,000101816426000039,FETCH_EXHIBIT_FROM_ACCESSION,https://www.sec.gov/Archives/edgar/data/1018164/000101816426000039/wlfc-20260327.htm
adjudication:253b0afb152c37cc,Celanese Corp,1750000000.0,determine collateral scope,424B_prospectus,Credit Agreement,000162828025055480,FETCH_EXHIBIT_FROM_ACCESSION,https://www.sec.gov/Archives/edgar/data/1306830/000162828025055480/a424b52025filingfinal-usdd.htm
adjudication:22ee0211143d42ac,CATERPILLAR INC,1700000000.0,determine collateral scope,EX-4_exhibit,Indenture,000110465925049132,RE_EXTRACT_DEPTH,https://www.sec.gov/Archives/edgar/data/18230/000110465925049132/tm2515084d1_ex4-1.htm
adjudication:606f47aa2e1d5e0b,PINNACLE WEST CAPITAL CORP,1700000000.0,determine collateral scope,EX-10_exhibit,Credit Agreement,000110465926017605,RE_EXTRACT_DEPTH,https://www.sec.gov/Archives/edgar/data/764622/000110465926017605/tm266762d1_ex10-2.htm
adjudication:530f082658ba004b,MICRON TECHNOLOGY INC,1683500000.0,determine collateral scope,8-K_body,Credit Agreement,000110465925004879,FETCH_EXHIBIT_FROM_ACCESSION,https://www.sec.gov/Archives/edgar/data/723125/000110465925004879/tm253757d1_8k.htm
adjudication:7a0d64c8cec5073a,MGM Resorts International,1675000000.0,determine collateral scope,8-K_body,Credit Agreement,000119312524034495,FETCH_EXHIBIT_FROM_ACCESSION,https://www.sec.gov/Archives/edgar/data/789570/000119312524034495/d778367d8k.htm
adjudication:ae31f405ec356093,AECOM,1650000000.0,determine collateral scope,EX-10_exhibit,Credit Agreement,000110465926025905,RE_EXTRACT_DEPTH,https://www.sec.gov/Archives/edgar/data/868857/000110465926025905/tm268031d2_ex10-1.htm
adjudication:615b959eb7ca0826,Constellation Energy Corp,1600000000.0,determine collateral scope,EX-4_exhibit,Credit Agreement,000110465926001780,RE_EXTRACT_DEPTH,https://www.sec.gov/Archives/edgar/data/1868275/000110465926001780/tm2532248d1_ex4-6.htm
adjudication:c76848da8c2ec6ed,MSCI Inc.,1600000000.0,determine collateral scope,8-K_body,Credit Agreement,000095010325010515,FETCH_EXHIBIT_FROM_ACCESSION,https://www.sec.gov/Archives/edgar/data/1408198/000095010325010515/dp233145_8k.htm
adjudication:695d35ddf7b109c6,OSHKOSH CORP,1550000000.0,determine collateral scope,8-K_body,Credit Agreement,000110465926028611,FETCH_EXHIBIT_FROM_ACCESSION,https://www.sec.gov/Archives/edgar/data/775158/000110465926028611/tm268947d1_8k.htm
adjudication:13fa1c0d4cc33a64,"Bain Capital Specialty Finance, Inc.",1500000000.0,determine recourse and guarantee scope,424B_prospectus,credit agreement,000119312526018772,FETCH_EXHIBIT_FROM_ACCESSION,https://www.sec.gov/Archives/edgar/data/1655050/000119312526018772/d67802d424b2.htm
adjudication:c7b1da97dc704b3a,"Sila Realty Trust, Inc.",1500000000.0,determine collateral scope,other,Credit Agreement,000156792525000003,FETCH_EXHIBIT_FROM_ACCESSION,https://www.sec.gov/Archives/edgar/data/1567925/000156792525000003/exhibit991-pressreleaserev.htm
adjudication:4d100496256d21b4,"UNITED RENTALS, INC.",1500000000.0,determine collateral scope,EX-4_exhibit,Indenture,000110465925117306,RE_EXTRACT_DEPTH,https://www.sec.gov/Archives/edgar/data/1067701/000110465925117306/tm2532345d1_ex4-1.htm
adjudication:fc48160ab53cceb0,TE Connectivity plc,1500000000.0,determine collateral scope,8-K_body,Credit Agreement,000110465926015617,FETCH_EXHIBIT_FROM_ACCESSION,https://www.sec.gov/Archives/edgar/data/1385157/000110465926015617/tm266298d1_8k.htm
adjudication:b195e10df7f76456,"Coupang, Inc.",1500000000.0,determine collateral scope,other,credit agreement,000183458425000106,FETCH_EXHIBIT_FROM_ACCESSION,https://www.sec.gov/Archives/edgar/data/1834584/000183458425000106/cpng-20250602.htm
adjudication:28eb610e5985c8d8,"Leidos Holdings, Inc.",1500000000.0,determine collateral scope,8-K_body,Credit Agreement,000119312526055113,FETCH_EXHIBIT_FROM_ACCESSION,https://www.sec.gov/Archives/edgar/data/1336920/000119312526055113/d62492d8k.htm
adjudication:71869b174363d31d,H&R BLOCK INC,1500000000.0,determine collateral scope,other,Guarantee Agreement,000160529725000009,FETCH_EXHIBIT_FROM_ACCESSION,https://www.sec.gov/Archives/edgar/data/12659/000160529725000009/hrb-20250711.htm
adjudication:4241d2e53bc32511,Gen Digital Inc.,1500000000.0,determine collateral scope,other,Credit Agreement,000084939926000011,FETCH_EXHIBIT_FROM_ACCESSION,https://www.sec.gov/Archives/edgar/data/849399/000084939926000011/gen-20260327.htm
adjudication:ddfa76c39af9b2be,"Autodesk, Inc.",1500000000.0,determine collateral scope,424B_prospectus,Credit Agreement,000119312525133820,FETCH_EXHIBIT_FROM_ACCESSION,https://www.sec.gov/Archives/edgar/data/769397/000119312525133820/d31368d424b2.htm
adjudication:ef4d44c4f418b767,"T-Mobile US, Inc.",1500000000.0,determine collateral scope,8-K_body,Credit Agreement,000119312526004596,FETCH_EXHIBIT_FROM_ACCESSION,https://www.sec.gov/Archives/edgar/data/1283699/000119312526004596/d71057d8k.htm
adjudication:5251ecf7249613c9,IREN Ltd,1500000000.0,determine collateral scope,8-K_body,credit agreement,000114036126023427,FETCH_EXHIBIT_FROM_ACCESSION,https://www.sec.gov/Archives/edgar/data/1878848/000114036126023427/ef20075181_8k.htm
adjudication:71f06cdf0e00ead9,"Autodesk, Inc.",1500000000.0,determine collateral scope,424B_prospectus,Credit Agreement,000119312525135009,FETCH_EXHIBIT_FROM_ACCESSION,https://www.sec.gov/Archives/edgar/data/769397/000119312525135009/d31368d424b5.htm
adjudication:2d8d699797fcbee8,ROYAL CARIBBEAN CRUISES LTD,1500000000.0,determine collateral scope,8-K_body,indenture,000110465924103188,FETCH_EXHIBIT_FROM_ACCESSION,https://www.sec.gov/Archives/edgar/data/884887/000110465924103188/tm2424765d1_8k.htm
adjudication:f71930a96fe0b435,AMERICAN ELECTRIC POWER CO INC,1500000000.0,determine collateral scope,EX-4_exhibit,Credit Agreement,000000490426000034,RE_EXTRACT_DEPTH,https://www.sec.gov/Archives/edgar/data/4904/000000490426000034/ex4aaep20261q.htm
adjudication:4e752581156334ea,"CORPAY, INC.",1500000000.0,determine collateral scope,other,Credit Agreement,000117545425000025,FETCH_EXHIBIT_FROM_ACCESSION,https://www.sec.gov/Archives/edgar/data/1175454/000117545425000025/flt-20251031.htm
adjudication:76dda98405428ab2,Sunoco LP,1500000000.0,determine collateral scope,EX-10_exhibit,Credit Agreement,000119312525143803,RE_EXTRACT_DEPTH,https://www.sec.gov/Archives/edgar/data/1552275/000119312525143803/d63531dex101.htm
adjudication:b4e96e537af0a55a,ENTERPRISE PRODUCTS PARTNERS L.P.,1500000000.0,determine collateral scope,EX-10_exhibit,Credit Agreement,000119312526129053,RE_EXTRACT_DEPTH,https://www.sec.gov/Archives/edgar/data/1061219/000119312526129053/d134793dex101.htm
adjudication:64193acca90bdcb7,"HEALTHPEAK PROPERTIES, INC.",1500000000.0,determine collateral scope,8-K_body,Credit Agreement,000110465926033312,FETCH_EXHIBIT_FROM_ACCESSION,https://www.sec.gov/Archives/edgar/data/765880/000110465926033312/tm269577d1_8k.htm
adjudication:7ebb29d4b25120a5,ENTERPRISE PRODUCTS PARTNERS L.P.,1500000000.0,determine collateral scope,8-K_body,Credit Agreement,000119312526129053,FETCH_EXHIBIT_FROM_ACCESSION,https://www.sec.gov/Archives/edgar/data/1061219/000119312526129053/d134793d8k.htm
adjudication:5724fa88aa3cfda5,"Cencora, Inc.",1500000000.0,determine collateral scope,8-K_body,Credit Agreement,000110465926004524,FETCH_EXHIBIT_FROM_ACCESSION,https://www.sec.gov/Archives/edgar/data/1140859/000110465926004524/tm263332d1_8k.htm
adjudication:82bc55026f33b20b,Sable Offshore Corp.,1500000000.0,determine collateral scope,424B_prospectus,indenture,000162828025027061,FETCH_EXHIBIT_FROM_ACCESSION,https://www.sec.gov/Archives/edgar/data/1831481/000162828025027061/a424b5-takedown2025.htm
adjudication:73d9b142358d80aa,"Janus Living, Inc.",1500000000.0,determine collateral scope,8-K_body,Credit Agreement,000110465926033294,FETCH_EXHIBIT_FROM_ACCESSION,https://www.sec.gov/Archives/edgar/data/2100805/000110465926033294/tm2533329d16_8k.htm
adjudication:2b8a4fe760fd8f35,EDISON INTERNATIONAL,1500000000.0,determine collateral scope,8-K_body,Credit Agreement,000082705225000119,FETCH_EXHIBIT_FROM_ACCESSION,https://www.sec.gov/Archives/edgar/data/827052/000082705225000119/eix-20251223x8k.htm
adjudication:8d4c427d5f173ff6,BALL Corp,1500000000.0,determine collateral scope,EX-10_exhibit,CREDIT AGREEMENT,000110465925116089,RE_EXTRACT_DEPTH,https://www.sec.gov/Archives/edgar/data/9389/000110465925116089/tm2532071d1_ex10-1.htm
adjudication:6f4ba356093560a9,BIOGEN INC.,1500000000.0,determine collateral scope,EX-10_exhibit,CREDIT AGREEMENT,000119312524200660,RE_EXTRACT_DEPTH,https://www.sec.gov/Archives/edgar/data/875045/000119312524200660/d867868dex101.htm
adjudication:7e4d743f5009f8cf,Sable Offshore Corp.,1500000000.0,determine collateral scope,424B_prospectus,indenture,000162828025027257,FETCH_EXHIBIT_FROM_ACCESSION,https://www.sec.gov/Archives/edgar/data/1831481/000162828025027257/final424b5-takedown2025.htm
adjudication:8235f3008fe30c50,ENTERPRISE PRODUCTS PARTNERS L.P.,1500000000.0,determine collateral scope,EX-10_exhibit,Credit Agreement,000119312525067053,RE_EXTRACT_DEPTH,https://www.sec.gov/Archives/edgar/data/1061219/000119312525067053/d945779dex101.htm
adjudication:2517cb7bbd8ad333,MOHAWK INDUSTRIES INC,1500000000.0,determine collateral scope,8-K_body,Credit Agreement,000110465926060295,FETCH_EXHIBIT_FROM_ACCESSION,https://www.sec.gov/Archives/edgar/data/851968/000110465926060295/tm2614381d1_8k.htm
adjudication:b41361582c6f553c,Cigna Group,1500000000.0,determine collateral scope,424B_prospectus,indenture,000114036124005979,FETCH_EXHIBIT_FROM_ACCESSION,https://www.sec.gov/Archives/edgar/data/1739940/000114036124005979/ny20020170x5_424b5.htm
adjudication:ff744c8747e89969,V F CORP,1500000000.0,determine collateral scope,8-K_body,Credit Agreement,000119312525189877,FETCH_EXHIBIT_FROM_ACCESSION,https://www.sec.gov/Archives/edgar/data/103379/000119312525189877/d32520d8k.htm
adjudication:d23ebec09e4f9728,"ONE Gas, Inc.",1500000000.0,determine collateral scope,8-K_body,credit agreement,000119312525258511,FETCH_EXHIBIT_FROM_ACCESSION,https://www.sec.gov/Archives/edgar/data/1587732/000119312525258511/d213687d8k.htm
adjudication:1181b8ee53e749dc,Ares Management Corp,1461500000.0,determine collateral scope,424B_prospectus,indenture,000110465924107374,FETCH_EXHIBIT_FROM_ACCESSION,https://www.sec.gov/Archives/edgar/data/1176948/000110465924107374/tm2425002-7_424b5.htm
adjudication:8b3089656410fb3c,FLEX LTD.,1450000000.0,determine collateral scope,8-K_body,Credit Agreement,000110465926054529,FETCH_EXHIBIT_FROM_ACCESSION,https://www.sec.gov/Archives/edgar/data/866374/000110465926054529/tm2612613d1_8k.htm
adjudication:893d8fb5529dd04c,QuidelOrtho Corp,1450000000.0,determine collateral scope,EX-10_exhibit,CREDIT AGREEMENT,000119312525185355,RE_EXTRACT_DEPTH,https://www.sec.gov/Archives/edgar/data/1906324/000119312525185355/d912844dex101.htm
adjudication:8e69a6e38dbba82d,EXELON CORP,1400000000.0,determine collateral scope,424B_prospectus,Indenture,000110465924026349,FETCH_EXHIBIT_FROM_ACCESSION,https://www.sec.gov/Archives/edgar/data/1109357/000110465924026349/tm246905-2_424b2.htm
adjudication:c6d2ea436c81a199,"Amentum Holdings, Inc.",1400000000.0,determine collateral scope,other,Credit Agreement,000201128626000011,FETCH_EXHIBIT_FROM_ACCESSION,https://www.sec.gov/Archives/edgar/data/2011286/000201128626000011/amtm-20260424.htm
adjudication:aacebd04a35d2742,EXELON CORP,1400000000.0,determine collateral scope,424B_prospectus,Indenture,000110465924027050,FETCH_EXHIBIT_FROM_ACCESSION,https://www.sec.gov/Archives/edgar/data/1109357/000110465924027050/tm246905-3_424b2.htm
adjudication:e3b8ba117f2da6ee,FEDERAL REALTY INVESTMENT TRUST,1400000000.0,determine collateral scope,8-K_body,Credit Agreement,000119312526156973,FETCH_EXHIBIT_FROM_ACCESSION,https://www.sec.gov/Archives/edgar/data/34903/000119312526156973/d105267d8k.htm
adjudication:12a85530982bd964,CLARIVATE PLC,1400000000.0,determine collateral scope,EX-10_exhibit,Credit Agreement,000110465925055262,RE_EXTRACT_DEPTH,https://www.sec.gov/Archives/edgar/data/1764046/000110465925055262/tm2516677d1_ex10-1.htm
adjudication:d3e959c9ae4f1846,ROYAL GOLD INC,1400000000.0,determine collateral scope,EX-10_exhibit,Credit Agreement,000008553525000125,RE_EXTRACT_DEPTH,https://www.sec.gov/Archives/edgar/data/85535/000008553525000125/ex105incrementaljoindertor.htm
adjudication:55b803635e48d4ab,"Cheniere Energy Partners, L.P.",1352000000.0,determine collateral scope,424B_prospectus,indenture,000119312524018242,FETCH_EXHIBIT_FROM_ACCESSION,https://www.sec.gov/Archives/edgar/data/1383650/000119312524018242/d66632d424b3.htm
adjudication:9d7cf7300c679afa,"Cheniere Energy Partners, L.P.",1351800000.0,determine collateral scope,424B_prospectus,indenture,000119312524275685,FETCH_EXHIBIT_FROM_ACCESSION,https://www.sec.gov/Archives/edgar/data/1383650/000119312524275685/d845844d424b3.htm
adjudication:ea444d4240b78be1,Vistra Corp.,1350000000.0,determine recourse and guarantee scope,8-K_body,Credit Agreement,000119312523253871,FETCH_EXHIBIT_FROM_ACCESSION,https://www.sec.gov/Archives/edgar/data/1692819/000119312523253871/d544582d8k.htm
adjudication:c3f30b4447a9b5c3,Trinseo PLC,1332500000.0,determine collateral scope,EX-10_exhibit,Credit Agreement,000110465926060590,RE_EXTRACT_DEPTH,https://www.sec.gov/Archives/edgar/data/1519061/000110465926060590/tm2614481d1_ex10-1.htm
adjudication:35c45a1cb9f65ecc,VSE CORP,1300000000.0,determine collateral scope,EX-10_exhibit,Credit Agreement,000119312526210245,RE_EXTRACT_DEPTH,https://www.sec.gov/Archives/edgar/data/102752/000119312526210245/d115996dex101.htm
adjudication:0d960096b3462136,Galaxy Digital Inc.,1300000000.0,determine collateral scope,EX-10_exhibit,Indenture,000095010325013949,RE_EXTRACT_DEPTH,https://www.sec.gov/Archives/edgar/data/1859392/000095010325013949/dp236467_ex1001.htm
adjudication:90f9d4d93ec7819e,Weatherford International plc,1300000000.0,determine collateral scope,other,credit agreement,000160392325000145,FETCH_EXHIBIT_FROM_ACCESSION,https://www.sec.gov/Archives/edgar/data/1603923/000160392325000145/wft-20250918.htm
adjudication:ed613a5314992508,Galaxy Digital Inc.,1300000000.0,determine collateral scope,EX-10_exhibit,Indenture,000095010325013968,RE_EXTRACT_DEPTH,https://www.sec.gov/Archives/edgar/data/1859392/000095010325013968/dp236467_ex1001.htm
adjudication:c07883a1e36caf12,Opendoor Technologies Inc.,1270000000.0,determine collateral scope,424B_prospectus,indenture,000114036125042979,FETCH_EXHIBIT_FROM_ACCESSION,https://www.sec.gov/Archives/edgar/data/1801169/000114036125042979/ny20059627x1_424b5.htm
adjudication:f1ea07ecec1b3b36,Broadcom Inc.,1250000000.0,determine collateral scope,8-K_body,Indenture,000119312526011731,FETCH_EXHIBIT_FROM_ACCESSION,https://www.sec.gov/Archives/edgar/data/1730168/000119312526011731/d104560d8k.htm
adjudication:064dd3d4938dd3ac,"Cheniere Energy, Inc.",1250000000.0,determine collateral scope,EX-10_exhibit,Credit Agreement,000000357025000094,RE_EXTRACT_DEPTH,https://www.sec.gov/Archives/edgar/data/3570/000000357025000094/exhibit103cei2025q2form10q.htm
adjudication:7d7094f16be0d7e3,COPART INC,1250000000.0,determine collateral scope,8-K_body,Credit Agreement,000119312526022730,FETCH_EXHIBIT_FROM_ACCESSION,https://www.sec.gov/Archives/edgar/data/900075/000119312526022730/d64083d8k.htm
adjudication:25fa4e2557e4f38b,MICRON TECHNOLOGY INC,1250000000.0,determine collateral scope,8-K_body,Indenture,000110465925041201,FETCH_EXHIBIT_FROM_ACCESSION,https://www.sec.gov/Archives/edgar/data/723125/000110465925041201/tm2513434d1_8k.htm
adjudication:df2a36e9c22cf66d,PINNACLE WEST CAPITAL CORP,1250000000.0,determine collateral scope,EX-10_exhibit,Credit Agreement,000110465926017605,RE_EXTRACT_DEPTH,https://www.sec.gov/Archives/edgar/data/764622/000110465926017605/tm266762d1_ex10-1.htm
adjudication:db9c573d9c65b292,ROYAL CARIBBEAN CRUISES LTD,1250000000.0,determine collateral scope,8-K_body,indenture,000110465924031928,FETCH_EXHIBIT_FROM_ACCESSION,https://www.sec.gov/Archives/edgar/data/884887/000110465924031928/tm247076d1_8k.htm
adjudication:de837a016d73f729,Alcoa Corp,1250000000.0,determine collateral scope,8-K_body,Credit Agreement,000119312526203996,FETCH_EXHIBIT_FROM_ACCESSION,https://www.sec.gov/Archives/edgar/data/1675149/000119312526203996/d15759d8k.htm
adjudication:81b0f6ff27e7f162,Cigna Group,1250000000.0,determine collateral scope,424B_prospectus,indenture,000114036124005545,FETCH_EXHIBIT_FROM_ACCESSION,https://www.sec.gov/Archives/edgar/data/1739940/000114036124005545/ny20020170x1_424b3.htm
adjudication:81ca1c97302867ad,Vistra Corp.,1250000000.0,determine recourse and guarantee scope,EX-10_exhibit,Security Agreement,000119312524261725,RE_EXTRACT_DEPTH,https://www.sec.gov/Archives/edgar/data/1692819/000119312524261725/d808714dex101.htm
adjudication:615aa0f15a2d4223,Energy Transfer LP,1250000000.0,determine collateral scope,424B_prospectus,Credit Agreement,000119312525030694,FETCH_EXHIBIT_FROM_ACCESSION,https://www.sec.gov/Archives/edgar/data/1276187/000119312525030694/d259770d424b2.htm
adjudication:7255bfc9a9b95ee4,GENERAC HOLDINGS INC.,1250000000.0,determine collateral scope,8-K_body,Credit Agreement,000143774925021956,FETCH_EXHIBIT_FROM_ACCESSION,https://www.sec.gov/Archives/edgar/data/1474735/000143774925021956/gnrc20250701_8k.htm
adjudication:ae7e002c0e202015,"RESIDEO TECHNOLOGIES, INC.",1225000000.0,determine collateral scope,8-K_body,Credit Agreement,000119312525180358,FETCH_EXHIBIT_FROM_ACCESSION,https://www.sec.gov/Archives/edgar/data/1740332/000119312525180358/d77968d8k.htm
adjudication:facd2b104e7f37e5,Bunge Global SA,1200000000.0,determine collateral scope,EX-4_exhibit,Indenture,000110465926032113,RE_EXTRACT_DEPTH,https://www.sec.gov/Archives/edgar/data/1996862/000110465926032113/tm268104d3_ex4-2.htm
adjudication:3d7a5b32fd4dc7a0,Talen Energy Corp,1200000000.0,determine collateral scope,EX-10_exhibit,INDENTURE,000162828024029107,RE_EXTRACT_DEPTH,https://www.sec.gov/Archives/edgar/data/1622536/000162828024029107/exhibit107-sx1a.htm
adjudication:f16039daa3106ab8,Avery Dennison Corp,1200000000.0,determine collateral scope,8-K_body,Credit Agreement,000119312523018210,FETCH_EXHIBIT_FROM_ACCESSION,https://www.sec.gov/Archives/edgar/data/8818/000119312523018210/d445993d8k.htm
adjudication:f2dffeea2576327d,NEXTERA ENERGY INC,1200000000.0,determine collateral scope,424B_prospectus,indenture,000119312524155917,FETCH_EXHIBIT_FROM_ACCESSION,https://www.sec.gov/Archives/edgar/data/753308/000119312524155917/d845362d424b2.htm
adjudication:d7a30fa1bff89d27,"EPAM Systems, Inc.",1200000000.0,determine collateral scope,other,credit agreement,000135201025000047,FETCH_EXHIBIT_FROM_ACCESSION,https://www.sec.gov/Archives/edgar/data/1352010/000135201025000047/epam-20251003.htm
adjudication:a83d9d7c09a61dd7,NATIONAL FUEL GAS CO,1200000000.0,determine collateral scope,8-K_body,Credit Agreement,000119312525269656,FETCH_EXHIBIT_FROM_ACCESSION,https://www.sec.gov/Archives/edgar/data/70145/000119312525269656/d11684d8k.htm
adjudication:cdd1514eabca7071,Allison Transmission Holdings Inc,1200000000.0,determine collateral scope,8-K_body,Credit Agreement,000119312526000343,FETCH_EXHIBIT_FROM_ACCESSION,https://www.sec.gov/Archives/edgar/data/1411207/000119312526000343/d97247d8k.htm
adjudication:98ac5c9d2301e713,Avery Dennison Corp,1200000000.0,determine collateral scope,8-K_body,Credit Agreement,000119312524170372,FETCH_EXHIBIT_FROM_ACCESSION,https://www.sec.gov/Archives/edgar/data/8818/000119312524170372/d844816d8k.htm
adjudication:a171340ccd284b7a,"Global Net Lease, Inc.",1185000000.0,determine collateral scope,8-K_body,credit agreement,000110465925074482,FETCH_EXHIBIT_FROM_ACCESSION,https://www.sec.gov/Archives/edgar/data/1526113/000110465925074482/tm2522631d2_8k.htm
adjudication:5b4d57f09d964f68,ROYAL CARIBBEAN CRUISES LTD,1171793454.54,determine collateral scope,EX-10_exhibit,Credit Agreement,000110465923108475,RE_EXTRACT_DEPTH,https://www.sec.gov/Archives/edgar/data/884887/000110465923108475/tm2327997d1_ex10-1.htm
adjudication:5b5c92870917dd87,LEVI STRAUSS & CO,1150000000.0,determine collateral scope,8-K_body,credit agreement,000119312524255938,FETCH_EXHIBIT_FROM_ACCESSION,https://www.sec.gov/Archives/edgar/data/94845/000119312524255938/d898891d8k.htm
adjudication:976e9f06a3140df5,American Airlines Group Inc.,1146800000.0,determine collateral scope,8-K_body,Guaranty,000119312526248886,FETCH_EXHIBIT_FROM_ACCESSION,https://www.sec.gov/Archives/edgar/data/6201/000119312526248886/d118984d8k.htm
adjudication:3adc817e31ab5576,American Airlines Group Inc.,1146800000.0,determine collateral scope,EX-10_exhibit,GUARANTY,000119312526248886,RE_EXTRACT_DEPTH,https://www.sec.gov/Archives/edgar/data/6201/000119312526248886/d118984dex101.htm
adjudication:c41a712a182d2f90,Uniti Group Inc.,1110000000.0,determine collateral scope,EX-10_exhibit,Credit Agreement,000095010325012877,RE_EXTRACT_DEPTH,https://www.sec.gov/Archives/edgar/data/2020795/000095010325012877/dp235539_ex1002.htm
adjudication:942a56fb015382f3,"EPAM Systems, Inc.",1101000000.0,determine collateral scope,EX-10_exhibit,Credit Agreement,000135201025000047,RE_EXTRACT_DEPTH,https://www.sec.gov/Archives/edgar/data/1352010/000135201025000047/exhibit101-pncxepamxamende.htm
adjudication:0716dae62c4cbc64,Enovis CORP,1100000000.0,determine collateral scope,other,Credit Agreement,000149315225027007,FETCH_EXHIBIT_FROM_ACCESSION,https://www.sec.gov/Archives/edgar/data/1420800/000149315225027007/form8-k.htm
adjudication:d7a44a3bd9a7588e,CHS INC,1100000000.0,determine collateral scope,EX-10_exhibit,Credit Agreement,000082327723000027,RE_EXTRACT_DEPTH,https://www.sec.gov/Archives/edgar/data/823277/000082327723000027/ex1012023amendedandrestate.htm
adjudication:4db3e94124652cd6,ITT INC.,1100000000.0,determine collateral scope,EX-10_exhibit,Credit Agreement,000021622825000061,RE_EXTRACT_DEPTH,https://www.sec.gov/Archives/edgar/data/216228/000021622825000061/exhibit101-ittamendmentno1.htm
adjudication:c1e71248928face7,DiamondRock Hospitality Co,1100000000.0,determine collateral scope,8-K_body,Credit Agreement,000110465925069789,FETCH_EXHIBIT_FROM_ACCESSION,https://www.sec.gov/Archives/edgar/data/1298946/000110465925069789/tm2521322d1_8k.htm
adjudication:e7165f9d8fb7b917,"HASBRO, INC.",1100000000.0,determine collateral scope,other,Credit Agreement,000095015726000171,FETCH_EXHIBIT_FROM_ACCESSION,https://www.sec.gov/Archives/edgar/data/46080/000095015726000171/form8-k.htm
adjudication:dcdddcde6f06e268,"ALASKA AIR GROUP, INC.",1100000000.0,determine collateral scope,other,guarantee agreement,000076642126000015,FETCH_EXHIBIT_FROM_ACCESSION,https://www.sec.gov/Archives/edgar/data/766421/000076642126000015/alk-20260420.htm
adjudication:385b8e13d5aaaa13,COMFORT SYSTEMS USA INC,1100000000.0,determine recourse and guarantee scope,EX-10_exhibit,Credit Agreement,000110465925086404,RE_EXTRACT_DEPTH,https://www.sec.gov/Archives/edgar/data/1035983/000110465925086404/tm2524764d1_ex10-1.htm
adjudication:b639f94030f7e7fc,PACKAGING CORP OF AMERICA,1100000000.0,determine collateral scope,EX-10_exhibit,Credit Agreement,000119312525174557,RE_EXTRACT_DEPTH,https://www.sec.gov/Archives/edgar/data/75677/000119312525174557/d19330dex102.htm
adjudication:0610762528222dd5,"SUMITOMO MITSUI FINANCIAL GROUP, INC.",1100000000.0,determine collateral scope,424B_prospectus,indenture,000119312526003396,FETCH_EXHIBIT_FROM_ACCESSION,https://www.sec.gov/Archives/edgar/data/1022837/000119312526003396/d45298d424b2.htm
adjudication:1e20a29137791bcc,DYCOM INDUSTRIES INC,1090000000.0,determine collateral scope,other,Credit Agreement,000119312526099470,FETCH_EXHIBIT_FROM_ACCESSION,https://www.sec.gov/Archives/edgar/data/67215/000119312526099470/d72789dex993.htm
adjudication:4ac74da36f3f5f44,"Intellia Therapeutics, Inc.",1063400000.0,determine collateral scope,424B_prospectus,indenture,000119312526085425,FETCH_EXHIBIT_FROM_ACCESSION,https://www.sec.gov/Archives/edgar/data/1652130/000119312526085425/d848543d424b5.htm
adjudication:a2cb96ff50c86da1,SS&C Technologies Holdings Inc,1050000000.0,determine collateral scope,other,Credit Agreement,000119312525238996,FETCH_EXHIBIT_FROM_ACCESSION,https://www.sec.gov/Archives/edgar/data/1402436/000119312525238996/ssnc-20251014.htm
adjudication:bd8031228adb5ade,Science Applications International Corp,1050000000.0,determine collateral scope,EX-10_exhibit,Credit Agreement,000157112324000022,RE_EXTRACT_DEPTH,https://www.sec.gov/Archives/edgar/data/1571123/000157112324000022/saic8k02082024exhibit101.htm
adjudication:210453a0307714b0,"Delek Logistics Partners, LP",1050000000.0,determine collateral scope,EX-10_exhibit,Credit Agreement,000119312526129319,RE_EXTRACT_DEPTH,https://www.sec.gov/Archives/edgar/data/1552797/000119312526129319/d134164dex101.htm
adjudication:9bf14297e541973c,Urban Edge Properties,1025000000.0,determine collateral scope,other,Credit Agreement,000161154726000004,FETCH_EXHIBIT_FROM_ACCESSION,https://www.sec.gov/Archives/edgar/data/1611547/000161154726000004/ue-20260122.htm
adjudication:e5b8ef59eaeb64f8,General Motors Co,1000000000.0,determine collateral scope,EX-10_exhibit,Credit Agreement,000119312523284798,RE_EXTRACT_DEPTH,https://www.sec.gov/Archives/edgar/data/1467858/000119312523284798/d613794dex102.htm
adjudication:373ca4c3fc69ec11,General Motors Co,1000000000.0,determine collateral scope,EX-10_exhibit,CREDIT AGREEMENT,000119312525062882,RE_EXTRACT_DEPTH,https://www.sec.gov/Archives/edgar/data/1467858/000119312525062882/d943807dex101.htm
adjudication:986aac9f1ee3d9d1,TransDigm Group INC,1000000000.0,determine collateral scope,other,Credit Agreement,000126022126000033,FETCH_EXHIBIT_FROM_ACCESSION,https://www.sec.gov/Archives/edgar/data/1260221/000126022126000033/tdg-20260414.htm
adjudication:ef05431c7036ed7a,Tennessee Valley Authority,1000000000.0,determine collateral scope,other,Credit Agreement,000137698625000051,FETCH_EXHIBIT_FROM_ACCESSION,https://www.sec.gov/Archives/edgar/data/1376986/000137698625000051/tve-20250910.htm
adjudication:0c9b0cb3e663484b,"Delek US Holdings, Inc.",1000000000.0,determine collateral scope,EX-10_exhibit,CREDIT AGREEMENT,000119312526151245,RE_EXTRACT_DEPTH,https://www.sec.gov/Archives/edgar/data/1694426/000119312526151245/d94216dex101.htm
adjudication:30303e32c36ad5d4,TARGET CORP,1000000000.0,determine collateral scope,other,Credit Agreement,000002741923000041,FETCH_EXHIBIT_FROM_ACCESSION,https://www.sec.gov/Archives/edgar/data/27419/000002741923000041/tgt-20231018.htm
adjudication:77ce0e661451db35,TELEFLEX INC,1000000000.0,determine collateral scope,8-K_body,credit agreement,000119312526242184,FETCH_EXHIBIT_FROM_ACCESSION,https://www.sec.gov/Archives/edgar/data/96943/000119312526242184/d126197d8k.htm
adjudication:e495ce9cc01a2e87,MCKESSON CORP,1000000000.0,determine collateral scope,EX-10_exhibit,Credit Agreement,000092765324000125,RE_EXTRACT_DEPTH,https://www.sec.gov/Archives/edgar/data/927653/000092765324000125/mck_exhibit101930202410-q.htm
adjudication:a6b92eacae8d47d3,CARDINAL HEALTH INC,1000000000.0,determine collateral scope,other,Credit Agreement,000072137125000125,FETCH_EXHIBIT_FROM_ACCESSION,https://www.sec.gov/Archives/edgar/data/721371/000072137125000125/cah-20251007.htm
adjudication:88d3e59e3d2903b2,ROYAL CARIBBEAN CRUISES LTD,1000000000.0,determine collateral scope,EX-10_exhibit,credit agreement,000088488725000050,RE_EXTRACT_DEPTH,https://www.sec.gov/Archives/edgar/data/884887/000088488725000050/a2024q4exhibit1072.htm
adjudication:1e73d2394c0cbd4c,MCKESSON CORP,1000000000.0,determine collateral scope,EX-10_exhibit,Credit Agreement,000092765325000036,RE_EXTRACT_DEPTH,https://www.sec.gov/Archives/edgar/data/927653/000092765325000036/mck_ex1023x3312025xmckesso.htm
adjudication:fb54f7deb7de8ea5,"Cheniere Energy Partners, L.P.",1000000000.0,determine collateral scope,424B_prospectus,Indenture,000119312526022646,FETCH_EXHIBIT_FROM_ACCESSION,https://www.sec.gov/Archives/edgar/data/1383650/000119312526022646/d62830d424b3.htm
adjudication:16a4699cb7029c4d,Howmet Aerospace Inc.,1000000000.0,determine collateral scope,424B_prospectus,Credit Agreement,000110465926015902,FETCH_EXHIBIT_FROM_ACCESSION,https://www.sec.gov/Archives/edgar/data/4281/000110465926015902/tm266225-1_424b5.htm
adjudication:42820e9238d639f0,LOWES COMPANIES INC,1000000000.0,determine collateral scope,EX-10_exhibit,Credit Agreement,000119312525208264,RE_EXTRACT_DEPTH,https://www.sec.gov/Archives/edgar/data/60667/000119312525208264/d56079dex103.htm
adjudication:0bd30a4083931895,CONOCOPHILLIPS,1000000000.0,determine collateral scope,8-K_body,indenture,000110465924122112,FETCH_EXHIBIT_FROM_ACCESSION,https://www.sec.gov/Archives/edgar/data/1163165/000110465924122112/tm2428935d2_8k.htm
adjudication:3bc13697f14221fd,COMMERCIAL METALS Co,1000000000.0,determine collateral scope,8-K_body,Credit Agreement,000119312525322952,FETCH_EXHIBIT_FROM_ACCESSION,https://www.sec.gov/Archives/edgar/data/22444/000119312525322952/d21012d8k.htm
adjudication:8d6c8a27cba4d9d1,ROYAL GOLD INC,1000000000.0,determine collateral scope,EX-10_exhibit,Credit Agreement,000008553525000125,RE_EXTRACT_DEPTH,https://www.sec.gov/Archives/edgar/data/85535/000008553525000125/ex104revolvingfacilitycred.htm
adjudication:3d018890c4e03b37,Chubb Ltd,1000000000.0,determine collateral scope,EX-4_exhibit,Indenture,000110465926064150,RE_EXTRACT_DEPTH,https://www.sec.gov/Archives/edgar/data/896159/000110465926064150/tm2615040d1_ex4-1.htm
adjudication:3fa2aa1db208ae9e,BOSTON SCIENTIFIC CORP,1000000000.0,determine collateral scope,other,Credit Agreement,000088572526000017,FETCH_EXHIBIT_FROM_ACCESSION,https://www.sec.gov/Archives/edgar/data/885725/000088572526000017/bsx-20260226.htm
adjudication:2c459a8ea02ff379,Tennessee Valley Authority,1000000000.0,determine collateral scope,EX-10_exhibit,CREDIT AGREEMENT,000137698623000002,RE_EXTRACT_DEPTH,https://www.sec.gov/Archives/edgar/data/1376986/000137698623000002/exhibit101fourthamendmentj.htm
adjudication:891e659c9c6d84fe,"ESSENTIAL PROPERTIES REALTY TRUST, INC.",1000000000.0,determine collateral scope,424B_prospectus,indenture,000162828026009167,FETCH_EXHIBIT_FROM_ACCESSION,https://www.sec.gov/Archives/edgar/data/1728951/000162828026009167/essentialproperties-424b3f.htm
adjudication:fb9cfc4a9ea0bed6,STIFEL FINANCIAL CORP,1000000000.0,determine collateral scope,EX-10_exhibit,CREDIT AGREEMENT,000119312526037686,RE_EXTRACT_DEPTH,https://www.sec.gov/Archives/edgar/data/720672/000119312526037686/d899297dex101.htm
adjudication:b0156a770d4e5462,Sunoco LP,1000000000.0,determine collateral scope,8-K_body,Indenture,000119312525068752,FETCH_EXHIBIT_FROM_ACCESSION,https://www.sec.gov/Archives/edgar/data/1552275/000119312525068752/d860324d8k.htm
adjudication:e63fb2127d27b013,Howmet Aerospace Inc.,1000000000.0,determine collateral scope,424B_prospectus,Credit Agreement,000110465926017583,FETCH_EXHIBIT_FROM_ACCESSION,https://www.sec.gov/Archives/edgar/data/4281/000110465926017583/tm266225-3_424b5.htm
adjudication:6e7a7b1eef908cd8,"Cheniere Energy Partners, L.P.",1000000000.0,determine collateral scope,EX-10_exhibit,Indenture,000119312525157626,RE_EXTRACT_DEPTH,https://www.sec.gov/Archives/edgar/data/1383650/000119312525157626/d93966dex101.htm
adjudication:df933c9698ea45f2,TARGET CORP,1000000000.0,determine collateral scope,other,Credit Agreement,000002741925000121,FETCH_EXHIBIT_FROM_ACCESSION,https://www.sec.gov/Archives/edgar/data/27419/000002741925000121/tgt-20251009.htm
adjudication:f2a472565b759377,TARGET CORP,1000000000.0,determine collateral scope,other,Credit Agreement,000002741924000171,FETCH_EXHIBIT_FROM_ACCESSION,https://www.sec.gov/Archives/edgar/data/27419/000002741924000171/tgt-20241015.htm
adjudication:d9a9635e9718a75a,"Prologis, Inc.",1000000000.0,determine collateral scope,8-K_body,Credit Agreement,000119312526132661,FETCH_EXHIBIT_FROM_ACCESSION,https://www.sec.gov/Archives/edgar/data/1045609/000119312526132661/d141690d8k.htm
adjudication:662ff53530eb54d6,METLIFE INC,1000000000.0,determine collateral scope,8-K_body,Indenture,000119312526076647,FETCH_EXHIBIT_FROM_ACCESSION,https://www.sec.gov/Archives/edgar/data/1099219/000119312526076647/d88473d8k.htm
adjudication:6d7b13b0602d15a9,"ESSENTIAL PROPERTIES REALTY TRUST, INC.",1000000000.0,determine collateral scope,424B_prospectus,indenture,000162828026008574,FETCH_EXHIBIT_FROM_ACCESSION,https://www.sec.gov/Archives/edgar/data/1728951/000162828026008574/essentialproperties-424b32.htm
adjudication:ed2a2b0bcf75487a,ROYAL GOLD INC,1000000000.0,determine collateral scope,EX-10_exhibit,Credit Agreement,000008553525000092,RE_EXTRACT_DEPTH,https://www.sec.gov/Archives/edgar/data/85535/000008553525000092/ex101sixthamendmenttorevol.htm
adjudication:e8f81569b243035e,ABBOTT LABORATORIES,1000000000.0,determine collateral scope,EX-4_exhibit,Indenture,000110465926025240,RE_EXTRACT_DEPTH,https://www.sec.gov/Archives/edgar/data/1800/000110465926025240/tm264905d8_ex4-2.htm
adjudication:cf440d00db708763,Energy Transfer LP,1000000000.0,determine collateral scope,424B_prospectus,Credit Agreement,000119312526012871,FETCH_EXHIBIT_FROM_ACCESSION,https://www.sec.gov/Archives/edgar/data/1276187/000119312526012871/d933965d424b2.htm
adjudication:c475bf185bab2586,Howmet Aerospace Inc.,1000000000.0,determine collateral scope,EX-10_exhibit,Credit Agreement,000000428126000012,RE_EXTRACT_DEPTH,https://www.sec.gov/Archives/edgar/data/4281/000000428126000012/ex10b_4q25.htm
adjudication:0706b0567bb8e051,CINTAS CORP,1000000000.0,determine collateral scope,other,Credit Agreement,000072325426000010,FETCH_EXHIBIT_FROM_ACCESSION,https://www.sec.gov/Archives/edgar/data/723254/000072325426000010/ctas-20260327.htm
adjudication:c21d0b0498e61934,"Prologis, Inc.",1000000000.0,determine collateral scope,8-K_body,Credit Agreement,000119312525125882,FETCH_EXHIBIT_FROM_ACCESSION,https://www.sec.gov/Archives/edgar/data/1045609/000119312525125882/d214675d8k.htm
adjudication:221ab2ef6e2ba5f1,STRYKER CORP,1000000000.0,determine collateral scope,8-K_body,Indenture,000119312525023587,FETCH_EXHIBIT_FROM_ACCESSION,https://www.sec.gov/Archives/edgar/data/310764/000119312525023587/d907608d8k.htm
adjudication:dc249be47a6556ae,Adient plc,1000000000.0,determine collateral scope,other,Credit Agreement,000167054125000118,FETCH_EXHIBIT_FROM_ACCESSION,https://www.sec.gov/Archives/edgar/data/1670541/000167054125000118/adnt-20251017.htm
adjudication:3199b0baab39c4d6,GLADSTONE LAND Corp,1000000000.0,determine collateral scope,424B_prospectus,indenture,000119312526174989,FETCH_EXHIBIT_FROM_ACCESSION,https://www.sec.gov/Archives/edgar/data/1495240/000119312526174989/d103827d424b5.htm
adjudication:3971d898a4670fda,BIOGEN INC.,1000000000.0,determine collateral scope,EX-10_exhibit,CREDIT AGREEMENT,000087504523000009,RE_EXTRACT_DEPTH,https://www.sec.gov/Archives/edgar/data/875045/000087504523000009/exhibit103amendmenttocredi.htm
adjudication:fa0c3621ed3100da,TransDigm Group INC,1000000000.0,determine collateral scope,other,Credit Agreement,000126022126000020,FETCH_EXHIBIT_FROM_ACCESSION,https://www.sec.gov/Archives/edgar/data/1260221/000126022126000020/tdg-20260209.htm
adjudication:93766597c70c04a6,NextDecade Corp,1000000000.0,determine recourse and guarantee scope,EX-10_exhibit,Indenture,000161272026000009,RE_EXTRACT_DEPTH,https://www.sec.gov/Archives/edgar/data/1612720/000161272026000009/ex1093-4q25.htm
adjudication:7760857987331019,"Woodward, Inc.",1000000000.0,determine collateral scope,other,Credit Agreement,000119312526245352,FETCH_EXHIBIT_FROM_ACCESSION,https://www.sec.gov/Archives/edgar/data/108312/000119312526245352/wwd-20260527.htm
adjudication:ac77f2e1d780b8be,STRYKER CORP,1000000000.0,determine collateral scope,424B_prospectus,Indenture,000119312525019286,FETCH_EXHIBIT_FROM_ACCESSION,https://www.sec.gov/Archives/edgar/data/310764/000119312525019286/d150679d424b5.htm
