indicator,category,crack_signal_threshold,data_source,ties_to_finding,cadence,negative_control
AI direct-tier convertible/secured note spreads,credit,spread widening >300bp on IREN/TeraWulf/CoreWeave/Applied Digital notes,TRACE / FINRA bond prints; the $184.8B direct-tier CUSIPs,"ai_attribution_decomposition (direct tier = $184.8B, top-3=56%)",daily,"hyperscaler IG spreads (Oracle/Alphabet) moving is macro, not AI-crack -- watch the direct tier specifically"
Refinancing failure / pulled deals,refi,a direct-tier issuer pulls or reprices a refi >100bp; maturity-wall row not rolled,424B/FWP filings; the #18 maturity-wall targets,maturity_rate_coverage_expansion (AI pure-plays carry the rate/maturity gap),per-filing,a routine opportunistic raise is not a failure -- require evidence of inability to roll
Hyperscaler PPA / DC capacity cancellations,demand,Amazon/Google/Microsoft Energy cancels or defers PPA capacity; tracker 'cancelled' MW rises,"FERC EQR (dataset 17); DC tracker cancelled_capacity_mw (currently 18,514 MW)",downside_bearer_resolver / physical_grid_refresh (demand-side PPA concentration),monthly,a single project slip is noise; watch aggregate cancelled MW trend + named hyperscaler pullback
GPU resale price / rental rate decline,compute,secondary H100/H200 price or Lambda/RunPod rental rate falls >20% QoQ,broker feeds + Lambda/RunPod pricing scrapes (compute lane stubs),compute_economics_refresh (rental_rate_decline_pct null 10/10 -- the missing signal),weekly,new-gen launch transitions cause orderly price steps; watch utilization-adjusted decline
Utilization miss / contracted-revenue shortfall,compute,neocloud utilization <70% or contracted-revenue backlog flattens,issuer 10-Q MD&A; compute_economics utilization_pct (currently absent),compute_economics_refresh (utilization signal entirely absent),quarterly,ramp-phase low utilization is expected; compare to disclosed contracted backlog
Power/interconnection delay,physical,a top DC project's ISO queue position slips >1yr or IA not executed by guidance,ISO queues (PJM/ERCOT/MISO ERAS/NYISO); physical-lane acquisition cards,"physical_grid_refresh (0 MW firm; 341,962 MW announced un-de-risked)",quarterly,queue churn is normal; watch the named top-15 projects' firm-status transitions
Utility rate-case / stranded-asset disclosure,downside,"a PUC denies DC-driven generation cost recovery, or a utility writes down DC-load capex",LPSC/MPSC/PUCT/GA-PSC/FPSC dockets; utility 10-K,utility_ratepayer_downside (rate-base recovery is the loss channel),per-docket,routine rate cases approve recovery; watch DENIALS or stranded-cost language
Covenant breach / going-concern,credit,"a direct-tier issuer reports a covenant waiver, going-concern, or DSCR <1.0",8-K / 10-Q; debt_service DSCR (cash_flow_mismatch_cases),investor_diligence_checklist (DSCR null on payback cases),per-filing,"amend-and-extend is common; require an actual waiver/going-concern, not a renegotiation"
AI-issuer equity raise cadence (dilution-to-survive),equity,a direct-tier name does back-to-back ATM/convert raises to fund opex (not capex),424B5/ATM prospectuses; my shelf/ATM taxonomy,reselect_quality (ATM/preferred excluded from debt) + ai_attribution,per-filing,growth capex raises are bullish; flag only raises funding losses/refis
