entity,facility,field,value,source_tier,filing_accession,source_quote
IREN,Hardware 3 DDTL,facility_size_usd,1500000000,primary_EDGAR,0001140361-26-023427,"approximately $1.5 billion delayed draw term loan facility (the DDTL) pursuant to a credit agreement among Hardware 3, as borrower"
IREN,Hardware 3 DDTL,rate_floating,term SOFR + 2.25% margin,primary_EDGAR,0001140361-26-023427,"Borrowings under the DDTL bear interest at a per annum rate equal to term SOFR plus a margin of 2.25%"
IREN,Hardware 3 DDTL,commitment_fee,0.40% per annum on undrawn,primary_EDGAR,0001140361-26-023427,"commitment fee of 0.40% per annum on the undrawn portion of the DDTL commitments"
IREN,Hardware 3 DDTL,collateral,all Hardware 3 assets incl GPUs for the Microsoft Contract + 100% equity pledge + Microsoft Contract cash flows,primary_EDGAR,0001140361-26-023427,"secured by all its assets, including the GPUs acquired by Hardware 3 to service the Microsoft Contract, a pledge of 100% of the equity interest in Hardware 3, and the cash flows to be generated from the Microsoft Contract"
IREN,Hardware 3 DDTL,recourse,Limited Parent Guarantee (IREN Limited),primary_EDGAR,0001140361-26-023427,"the Parent, as Guarantor, entered into Limited Parent Guarantees with the Collateral Agent"
IREN,Hardware 3 DDTL,rate_hedged,yes (JPMorgan + J. Aron/Goldman),primary_EDGAR,0001140361-26-023427,"Hardware 3 has entered into hedge agreements with respect to the interest rate under the DDTL"
IREN,Hardware 3 (aggregate),aggregate_financing_usd,3600000000,primary_EDGAR,0001140361-26-023427,"aggregate financing of approximately $3.6 billion, comprised of (i) ~$1.5B DDTL and (ii) Notes"
IREN,Hardware 3 DDTL,availability_until,2027-05-29,primary_EDGAR,0001140361-26-023427,"available until May 29, 2027, subject to certain extension"
IREN,Hardware 3 DDTL,covenants,customary affirmative/negative incl restrictions on additional indebtedness,primary_EDGAR,0001140361-26-023427,"customary affirmative and negative covenants, including restrictions on additional in[debtedness]"
TeraWulf,WULF Compute Notes 2030,issuer,WULF Compute LLC (wholly-owned indirect subsidiary),primary_EDGAR,0001104659-25-101866,"WULF Compute LLC, a wholly-owned indirect subsidiary of TeraWulf Inc., completed its previously announced private offering"
TeraWulf,WULF Compute Notes 2030,security,senior secured obligations of WULF Compute and the Guarantors,primary_EDGAR,0001104659-25-101866,"The notes are senior secured obligations of WULF Compute and bear interest at a rate of 7.750% per year"
TeraWulf,WULF Compute Notes 2030,coupon,7.750% semiannual (Apr 15 / Oct 15),primary_EDGAR,0001104659-25-101866,"bear interest at a rate of 7.750% per year payable semiannually in arrears on April 15 and October 15"
TeraWulf,WULF Compute Notes 2030,covenants,restrictions on additional indebtedness/liens/restricted payments/asset sales,primary_EDGAR,0001104659-25-101866,"(iv) create or incur liens; ... (vii) merge, consolidate or transfer or sell all or substantially all of its assets"
TeraWulf,WULF Compute Notes 2030,recourse,Guarantors party to indenture (collateral specifics in indenture; trustee Wilmington Trust),primary_EDGAR_partial,0001104659-25-101866,"WULF Compute and the Guarantors entered into an indenture ... with Wilmington Trust, National Association, as trustee"
TeraWulf,Flash Compute Notes 2030,issuer,Flash Compute LLC (sub of FS CS I LLC),primary_EDGAR,0001104659-25-124839,"Flash Compute is a wholly owned subsidiary of FS CS I LLC, a Delaware limited liability company"
TeraWulf,Flash Compute Notes 2030,jv_ownership,50.1% TeraWulf sub / 49.9% Fluidstack CS I,primary_EDGAR,0001104659-25-124839,"owned 50.1% by [TeraWulf subsidiary] Member and 49.9% by Fluidstack CS I Inc., a wholly-owned indirect subsidiary of Fluidstack Ltd"
TeraWulf,Flash Compute Notes 2030,coupon,7.250% semiannual (Jun 30 / Dec 31),primary_EDGAR,0001104659-25-124839,"senior secured obligations of Flash Compute and bear interest at a rate of 7.250% per year payable semi-annually in arrears on June 30 and December 31"
TeraWulf,Flash Compute Notes 2030,guarantor,Abernathy Data LLC,primary_EDGAR,0001104659-25-124839,"among Flash Compute, Abernathy Data LLC (the Guarantor), and Morgan Stanley"
TeraWulf,Flash Compute Notes 2030,credit_enhancement,$75M cash collateral securing Guarantor LC,primary_EDGAR,0001104659-25-124839,"to fund $75 million of cash collateral to secure the Guarantor's obligations under a certain letter of credit"
TeraWulf,Flash Compute Notes 2030,terawulf_effective_share_usd,651000000,derived,0001104659-25-124839,"50.1% of $1.3B JV notes"
Hut 8,Hut 8 DC Notes 2042,issuer,Hut 8 DC LLC (indirect wholly-owned subsidiary),primary_EDGAR,0001104659-26-053247,"Hut 8 DC LLC (Issuer), an indirect wholly-owned subsidiary of Hut 8 Corp."
Hut 8,Hut 8 DC Notes 2042,security,senior secured obligations of the Issuer; collateral agent appointed,primary_EDGAR,0001104659-26-053247,"The Notes are senior secured obligations of the Issuer"
Hut 8,Hut 8 DC Notes 2042,coupon,6.192% semiannual (May 15 / Nov 15),primary_EDGAR,0001104659-26-053247,"bear interest at a rate of 6.192% per annum, payable semi-annually in arrears on May 15 and November 15"
Hut 8,Hut 8 DC Notes 2042,covenants,restrictions on additional indebtedness/restricted payments,primary_EDGAR,0001104659-26-053247,"incur or guarantee certain additional indebtedness; (ii) pay dividends ... and make other restricted pa[yments]"
CleanSpark,Nov2025 Conv Notes 2032,security,senior unsecured; NOT guaranteed by any subsidiary,primary_EDGAR,0001193125-25-280105,"The notes are senior unsecured obligations of the Company and are not guaranteed by any of the Company's subsidiaries"
CleanSpark,Nov2025 Conv Notes 2032,recourse,CleanSpark Inc parent (structurally subordinated to subsidiary debt),primary_EDGAR,0001193125-25-280105,"senior unsecured obligations of the Company and are not guaranteed by any of the Company's subsidiaries"
MARA Holdings,2031 Zero-Coupon Conv,security,senior unsecured obligations of the Company,primary_EDGAR,0001493152-24-048704,"The notes are senior unsecured obligations of the Company. The notes will not bear regular interest and the principal amount of the notes will not accrete"
MARA Holdings,2031 Zero-Coupon Conv,facility_size_usd,850000000,primary_EDGAR,0001493152-24-048704,"aggregate principal amount of notes sold in the offering was $850 million (+$150M option)"
Nebius,Conv Notes 2030+2032,tranches,1.00% due 2030 + 2.75% due 2032 (indenture 2025-09-15),primary_EDGAR,0001104659-25-089969,"Indenture dated as of September 15 ... for the 1.00% Convertible Senior Notes due 2030 ... 2.75% Convertible Senior Notes due 2032"
Nebius,Conv Notes 2030+2032,security,senior convertible (unsecured per parent-level structure; explicit ranking in press release),primary_EDGAR_partial,0001104659-25-089969,"Convertible Senior Notes due 2030 ... Convertible Senior Notes due 2032"
